filename,path
2MM03352_20250425_110545,/Users/alastairpickering/Desktop/gibbon/present_1/present/2MM03352_20250425_110545.wav
CCMNP-S-R10_20250503_142302,/Users/alastairpickering/Desktop/gibbon/present_1/present/CCMNP-S-R10_20250503_142302.wav
CCMNP-S-R10_20250504_051402,/Users/alastairpickering/Desktop/gibbon/present_1/present/CCMNP-S-R10_20250504_051402.wav
CCMNP-S-R10_20250504_052102,/Users/alastairpickering/Desktop/gibbon/present_1/present/CCMNP-S-R10_20250504_052102.wav
CCMNP-S-R10_20250504_061502,/Users/alastairpickering/Desktop/gibbon/present_1/present/CCMNP-S-R10_20250504_061502.wav
CCMNP-S-R10_20250504_062202,/Users/alastairpickering/Desktop/gibbon/present_1/present/CCMNP-S-R10_20250504_062202.wav
CCMNP-S-R10_20250504_063002,/Users/alastairpickering/Desktop/gibbon/present_1/present/CCMNP-S-R10_20250504_063002.wav
CCMNP-S-R10_20250504_064302,/Users/alastairpickering/Desktop/gibbon/present_1/present/CCMNP-S-R10_20250504_064302.wav
CCMNP-S-R10_20250504_064502,/Users/alastairpickering/Desktop/gibbon/present_1/present/CCMNP-S-R10_20250504_064502.wav
CCMNP-S-R10_20250504_065102,/Users/alastairpickering/Desktop/gibbon/present_1/present/CCMNP-S-R10_20250504_065102.wav
CCMNP-S-R10_20250504_070002,/Users/alastairpickering/Desktop/gibbon/present_1/present/CCMNP-S-R10_20250504_070002.wav
CCMNP-S-R10_20250504_070202,/Users/alastairpickering/Desktop/gibbon/present_1/present/CCMNP-S-R10_20250504_070202.wav
CCMNP-S-R10_20250504_070802,/Users/alastairpickering/Desktop/gibbon/present_1/present/CCMNP-S-R10_20250504_070802.wav
CCMNP-S-R10_20250504_070902,/Users/alastairpickering/Desktop/gibbon/present_1/present/CCMNP-S-R10_20250504_070902.wav
CCMNP-S-R10_20250504_071002,/Users/alastairpickering/Desktop/gibbon/present_1/present/CCMNP-S-R10_20250504_071002.wav
CCMNP-S-R10_20250504_071102,/Users/alastairpickering/Desktop/gibbon/present_1/present/CCMNP-S-R10_20250504_071102.wav
CCMNP-S-R10_20250504_071302,/Users/alastairpickering/Desktop/gibbon/present_1/present/CCMNP-S-R10_20250504_071302.wav
CCMNP-S-R10_20250504_071402,/Users/alastairpickering/Desktop/gibbon/present_1/present/CCMNP-S-R10_20250504_071402.wav
CCMNP-S-R10_20250504_071502,/Users/alastairpickering/Desktop/gibbon/present_1/present/CCMNP-S-R10_20250504_071502.wav
CCMNP-S-R10_20250504_072502,/Users/alastairpickering/Desktop/gibbon/present_1/present/CCMNP-S-R10_20250504_072502.wav
CCMNP-S-R10_20250504_074002,/Users/alastairpickering/Desktop/gibbon/present_1/present/CCMNP-S-R10_20250504_074002.wav
CCMNP-S-R10_20250504_074502,/Users/alastairpickering/Desktop/gibbon/present_1/present/CCMNP-S-R10_20250504_074502.wav
CCMNP-S-R10_20250504_074902,/Users/alastairpickering/Desktop/gibbon/present_1/present/CCMNP-S-R10_20250504_074902.wav
CCMNP-S-R10_20250504_075802,/Users/alastairpickering/Desktop/gibbon/present_1/present/CCMNP-S-R10_20250504_075802.wav
CCMNP-S-R10_20250504_080402,/Users/alastairpickering/Desktop/gibbon/present_1/present/CCMNP-S-R10_20250504_080402.wav
CCMNP-S-R10_20250504_080702,/Users/alastairpickering/Desktop/gibbon/present_1/present/CCMNP-S-R10_20250504_080702.wav
CCMNP-S-R10_20250504_081702,/Users/alastairpickering/Desktop/gibbon/present_1/present/CCMNP-S-R10_20250504_081702.wav
CCMNP-S-R10_20250504_081902,/Users/alastairpickering/Desktop/gibbon/present_1/present/CCMNP-S-R10_20250504_081902.wav
CCMNP-S-R10_20250504_082002,/Users/alastairpickering/Desktop/gibbon/present_1/present/CCMNP-S-R10_20250504_082002.wav
CCMNP-S-R10_20250504_082102,/Users/alastairpickering/Desktop/gibbon/present_1/present/CCMNP-S-R10_20250504_082102.wav
CCMNP-S-R10_20250504_082402,/Users/alastairpickering/Desktop/gibbon/present_1/present/CCMNP-S-R10_20250504_082402.wav
CCMNP-S-R10_20250504_082502,/Users/alastairpickering/Desktop/gibbon/present_1/present/CCMNP-S-R10_20250504_082502.wav
CCMNP-S-R10_20250504_083502,/Users/alastairpickering/Desktop/gibbon/present_1/present/CCMNP-S-R10_20250504_083502.wav
CCMNP-S-R10_20250504_084002,/Users/alastairpickering/Desktop/gibbon/present_1/present/CCMNP-S-R10_20250504_084002.wav
CCMNP-S-R10_20250504_085002,/Users/alastairpickering/Desktop/gibbon/present_1/present/CCMNP-S-R10_20250504_085002.wav
CCMNP-S-R10_20250504_085702,/Users/alastairpickering/Desktop/gibbon/present_1/present/CCMNP-S-R10_20250504_085702.wav
CCMNP-S-R10_20250504_090102,/Users/alastairpickering/Desktop/gibbon/present_1/present/CCMNP-S-R10_20250504_090102.wav
CCMNP-S-R10_20250504_090202,/Users/alastairpickering/Desktop/gibbon/present_1/present/CCMNP-S-R10_20250504_090202.wav
CCMNP-S-R10_20250504_090302,/Users/alastairpickering/Desktop/gibbon/present_1/present/CCMNP-S-R10_20250504_090302.wav
CCMNP-S-R10_20250504_090402,/Users/alastairpickering/Desktop/gibbon/present_1/present/CCMNP-S-R10_20250504_090402.wav
CCMNP-S-R10_20250504_090502,/Users/alastairpickering/Desktop/gibbon/present_1/present/CCMNP-S-R10_20250504_090502.wav
CCMNP-S-R10_20250504_090602,/Users/alastairpickering/Desktop/gibbon/present_1/present/CCMNP-S-R10_20250504_090602.wav
CCMNP-S-R10_20250504_090702,/Users/alastairpickering/Desktop/gibbon/present_1/present/CCMNP-S-R10_20250504_090702.wav
CCMNP-S-R10_20250504_090802,/Users/alastairpickering/Desktop/gibbon/present_1/present/CCMNP-S-R10_20250504_090802.wav
CCMNP-S-R10_20250504_090902,/Users/alastairpickering/Desktop/gibbon/present_1/present/CCMNP-S-R10_20250504_090902.wav
CCMNP-S-R10_20250504_091002,/Users/alastairpickering/Desktop/gibbon/present_1/present/CCMNP-S-R10_20250504_091002.wav
CCMNP-S-R10_20250504_091102,/Users/alastairpickering/Desktop/gibbon/present_1/present/CCMNP-S-R10_20250504_091102.wav
CCMNP-S-R10_20250504_091202,/Users/alastairpickering/Desktop/gibbon/present_1/present/CCMNP-S-R10_20250504_091202.wav
CCMNP-S-R10_20250504_091302,/Users/alastairpickering/Desktop/gibbon/present_1/present/CCMNP-S-R10_20250504_091302.wav
CCMNP-S-R10_20250504_091402,/Users/alastairpickering/Desktop/gibbon/present_1/present/CCMNP-S-R10_20250504_091402.wav
CCMNP-S-R10_20250504_091502,/Users/alastairpickering/Desktop/gibbon/present_1/present/CCMNP-S-R10_20250504_091502.wav
CCMNP-S-R10_20250504_091602,/Users/alastairpickering/Desktop/gibbon/present_1/present/CCMNP-S-R10_20250504_091602.wav
CCMNP-S-R10_20250504_091702,/Users/alastairpickering/Desktop/gibbon/present_1/present/CCMNP-S-R10_20250504_091702.wav
CCMNP-S-R10_20250504_091802,/Users/alastairpickering/Desktop/gibbon/present_1/present/CCMNP-S-R10_20250504_091802.wav
CCMNP-S-R10_20250504_091902,/Users/alastairpickering/Desktop/gibbon/present_1/present/CCMNP-S-R10_20250504_091902.wav
CCMNP-S-R10_20250504_092002,/Users/alastairpickering/Desktop/gibbon/present_1/present/CCMNP-S-R10_20250504_092002.wav
CCMNP-S-R10_20250504_092102,/Users/alastairpickering/Desktop/gibbon/present_1/present/CCMNP-S-R10_20250504_092102.wav
CCMNP-S-R10_20250504_092202,/Users/alastairpickering/Desktop/gibbon/present_1/present/CCMNP-S-R10_20250504_092202.wav
CCMNP-S-R10_20250504_092302,/Users/alastairpickering/Desktop/gibbon/present_1/present/CCMNP-S-R10_20250504_092302.wav
CCMNP-S-R10_20250504_093102,/Users/alastairpickering/Desktop/gibbon/present_1/present/CCMNP-S-R10_20250504_093102.wav
CCMNP-S-R10_20250504_093202,/Users/alastairpickering/Desktop/gibbon/present_1/present/CCMNP-S-R10_20250504_093202.wav
CCMNP-S-R10_20250504_093402,/Users/alastairpickering/Desktop/gibbon/present_1/present/CCMNP-S-R10_20250504_093402.wav
CCMNP-S-R10_20250504_093502,/Users/alastairpickering/Desktop/gibbon/present_1/present/CCMNP-S-R10_20250504_093502.wav
CCMNP-S-R10_20250504_093602,/Users/alastairpickering/Desktop/gibbon/present_1/present/CCMNP-S-R10_20250504_093602.wav
CCMNP-S-R10_20250504_093702,/Users/alastairpickering/Desktop/gibbon/present_1/present/CCMNP-S-R10_20250504_093702.wav
CCMNP-S-R10_20250504_093802,/Users/alastairpickering/Desktop/gibbon/present_1/present/CCMNP-S-R10_20250504_093802.wav
CCMNP-S-R10_20250504_093902,/Users/alastairpickering/Desktop/gibbon/present_1/present/CCMNP-S-R10_20250504_093902.wav
CCMNP-S-R10_20250504_094002,/Users/alastairpickering/Desktop/gibbon/present_1/present/CCMNP-S-R10_20250504_094002.wav
CCMNP-S-R10_20250504_094102,/Users/alastairpickering/Desktop/gibbon/present_1/present/CCMNP-S-R10_20250504_094102.wav
CCMNP-S-R10_20250504_094202,/Users/alastairpickering/Desktop/gibbon/present_1/present/CCMNP-S-R10_20250504_094202.wav
CCMNP-S-R10_20250504_094302,/Users/alastairpickering/Desktop/gibbon/present_1/present/CCMNP-S-R10_20250504_094302.wav
CCMNP-S-R10_20250504_094402,/Users/alastairpickering/Desktop/gibbon/present_1/present/CCMNP-S-R10_20250504_094402.wav
CCMNP-S-R10_20250504_094502,/Users/alastairpickering/Desktop/gibbon/present_1/present/CCMNP-S-R10_20250504_094502.wav
CCMNP-S-R10_20250504_094602,/Users/alastairpickering/Desktop/gibbon/present_1/present/CCMNP-S-R10_20250504_094602.wav
CCMNP-S-R10_20250504_094702,/Users/alastairpickering/Desktop/gibbon/present_1/present/CCMNP-S-R10_20250504_094702.wav
CCMNP-S-R10_20250504_094802,/Users/alastairpickering/Desktop/gibbon/present_1/present/CCMNP-S-R10_20250504_094802.wav
CCMNP-S-R10_20250504_095002,/Users/alastairpickering/Desktop/gibbon/present_1/present/CCMNP-S-R10_20250504_095002.wav
CCMNP-S-R10_20250504_095102,/Users/alastairpickering/Desktop/gibbon/present_1/present/CCMNP-S-R10_20250504_095102.wav
CCMNP-S-R10_20250504_095202,/Users/alastairpickering/Desktop/gibbon/present_1/present/CCMNP-S-R10_20250504_095202.wav
CCMNP-S-R10_20250504_095302,/Users/alastairpickering/Desktop/gibbon/present_1/present/CCMNP-S-R10_20250504_095302.wav
CCMNP-S-R10_20250504_095402,/Users/alastairpickering/Desktop/gibbon/present_1/present/CCMNP-S-R10_20250504_095402.wav
CCMNP-S-R10_20250504_095502,/Users/alastairpickering/Desktop/gibbon/present_1/present/CCMNP-S-R10_20250504_095502.wav
CCMNP-S-R10_20250504_095602,/Users/alastairpickering/Desktop/gibbon/present_1/present/CCMNP-S-R10_20250504_095602.wav
CCMNP-S-R10_20250504_095802,/Users/alastairpickering/Desktop/gibbon/present_1/present/CCMNP-S-R10_20250504_095802.wav
CCMNP-S-R10_20250504_095902,/Users/alastairpickering/Desktop/gibbon/present_1/present/CCMNP-S-R10_20250504_095902.wav
CCMNP-S-R10_20250504_100002,/Users/alastairpickering/Desktop/gibbon/present_1/present/CCMNP-S-R10_20250504_100002.wav
CCMNP-S-R10_20250504_100102,/Users/alastairpickering/Desktop/gibbon/present_1/present/CCMNP-S-R10_20250504_100102.wav
CCMNP-S-R10_20250504_100202,/Users/alastairpickering/Desktop/gibbon/present_1/present/CCMNP-S-R10_20250504_100202.wav
CCMNP-S-R10_20250504_100302,/Users/alastairpickering/Desktop/gibbon/present_1/present/CCMNP-S-R10_20250504_100302.wav
CCMNP-S-R10_20250504_100402,/Users/alastairpickering/Desktop/gibbon/present_1/present/CCMNP-S-R10_20250504_100402.wav
CCMNP-S-R10_20250504_100502,/Users/alastairpickering/Desktop/gibbon/present_1/present/CCMNP-S-R10_20250504_100502.wav
CCMNP-S-R10_20250504_100602,/Users/alastairpickering/Desktop/gibbon/present_1/present/CCMNP-S-R10_20250504_100602.wav
CCMNP-S-R10_20250504_100702,/Users/alastairpickering/Desktop/gibbon/present_1/present/CCMNP-S-R10_20250504_100702.wav
CCMNP-S-R10_20250504_100802,/Users/alastairpickering/Desktop/gibbon/present_1/present/CCMNP-S-R10_20250504_100802.wav
CCMNP-S-R10_20250504_100902,/Users/alastairpickering/Desktop/gibbon/present_1/present/CCMNP-S-R10_20250504_100902.wav
CCMNP-S-R10_20250504_101002,/Users/alastairpickering/Desktop/gibbon/present_1/present/CCMNP-S-R10_20250504_101002.wav
CCMNP-S-R10_20250504_101102,/Users/alastairpickering/Desktop/gibbon/present_1/present/CCMNP-S-R10_20250504_101102.wav
CCMNP-S-R10_20250504_101202,/Users/alastairpickering/Desktop/gibbon/present_1/present/CCMNP-S-R10_20250504_101202.wav
CCMNP-S-R10_20250504_101302,/Users/alastairpickering/Desktop/gibbon/present_1/present/CCMNP-S-R10_20250504_101302.wav
CCMNP-S-R10_20250504_101402,/Users/alastairpickering/Desktop/gibbon/present_1/present/CCMNP-S-R10_20250504_101402.wav
CCMNP-S-R10_20250504_101502,/Users/alastairpickering/Desktop/gibbon/present_1/present/CCMNP-S-R10_20250504_101502.wav
CCMNP-S-R10_20250504_101702,/Users/alastairpickering/Desktop/gibbon/present_1/present/CCMNP-S-R10_20250504_101702.wav
CCMNP-S-R10_20250504_101902,/Users/alastairpickering/Desktop/gibbon/present_1/present/CCMNP-S-R10_20250504_101902.wav
CCMNP-S-R10_20250504_102202,/Users/alastairpickering/Desktop/gibbon/present_1/present/CCMNP-S-R10_20250504_102202.wav
CCMNP-S-R10_20250504_102902,/Users/alastairpickering/Desktop/gibbon/present_1/present/CCMNP-S-R10_20250504_102902.wav
CCMNP-S-R10_20250504_103502,/Users/alastairpickering/Desktop/gibbon/present_1/present/CCMNP-S-R10_20250504_103502.wav
CCMNP-S-R10_20250504_103802,/Users/alastairpickering/Desktop/gibbon/present_1/present/CCMNP-S-R10_20250504_103802.wav
CCMNP-S-R10_20250504_104502,/Users/alastairpickering/Desktop/gibbon/present_1/present/CCMNP-S-R10_20250504_104502.wav
CCMNP-S-R10_20250504_104702,/Users/alastairpickering/Desktop/gibbon/present_1/present/CCMNP-S-R10_20250504_104702.wav
CCMNP-S-R10_20250504_105002,/Users/alastairpickering/Desktop/gibbon/present_1/present/CCMNP-S-R10_20250504_105002.wav
CCMNP-S-R10_20250504_105102,/Users/alastairpickering/Desktop/gibbon/present_1/present/CCMNP-S-R10_20250504_105102.wav
CCMNP-S-R10_20250504_105202,/Users/alastairpickering/Desktop/gibbon/present_1/present/CCMNP-S-R10_20250504_105202.wav
CCMNP-S-R10_20250504_105502,/Users/alastairpickering/Desktop/gibbon/present_1/present/CCMNP-S-R10_20250504_105502.wav
CCMNP-S-R10_20250504_110502,/Users/alastairpickering/Desktop/gibbon/present_1/present/CCMNP-S-R10_20250504_110502.wav
CCMNP-S-R10_20250504_110902,/Users/alastairpickering/Desktop/gibbon/present_1/present/CCMNP-S-R10_20250504_110902.wav
CCMNP-S-R10_20250504_112302,/Users/alastairpickering/Desktop/gibbon/present_1/present/CCMNP-S-R10_20250504_112302.wav
CCMNP-S-R10_20250504_113802,/Users/alastairpickering/Desktop/gibbon/present_1/present/CCMNP-S-R10_20250504_113802.wav
CCMNP-S-R10_20250504_115902,/Users/alastairpickering/Desktop/gibbon/present_1/present/CCMNP-S-R10_20250504_115902.wav
CCMNP-S-R10_20250504_120202,/Users/alastairpickering/Desktop/gibbon/present_1/present/CCMNP-S-R10_20250504_120202.wav
CCMNP-S-R10_20250504_120302,/Users/alastairpickering/Desktop/gibbon/present_1/present/CCMNP-S-R10_20250504_120302.wav
CCMNP-S-R12_20250502_075908,/Users/alastairpickering/Desktop/gibbon/present_1/present/CCMNP-S-R12_20250502_075908.wav
CCMNP-S-R12_20250502_092702,/Users/alastairpickering/Desktop/gibbon/present_1/present/CCMNP-S-R12_20250502_092702.wav
CCMNP-S-R12_20250502_093302,/Users/alastairpickering/Desktop/gibbon/present_1/present/CCMNP-S-R12_20250502_093302.wav
CCMNP-S-R12_20250502_101202,/Users/alastairpickering/Desktop/gibbon/present_1/present/CCMNP-S-R12_20250502_101202.wav
CCMNP-S-R12_20250502_101302,/Users/alastairpickering/Desktop/gibbon/present_1/present/CCMNP-S-R12_20250502_101302.wav
CCMNP-S-R12_20250502_101402,/Users/alastairpickering/Desktop/gibbon/present_1/present/CCMNP-S-R12_20250502_101402.wav
CCMNP-S-R12_20250502_101502,/Users/alastairpickering/Desktop/gibbon/present_1/present/CCMNP-S-R12_20250502_101502.wav
CCMNP-S-R12_20250502_101702,/Users/alastairpickering/Desktop/gibbon/present_1/present/CCMNP-S-R12_20250502_101702.wav
CCMNP-S-R12_20250502_101802,/Users/alastairpickering/Desktop/gibbon/present_1/present/CCMNP-S-R12_20250502_101802.wav
CCMNP-S-R12_20250502_101902,/Users/alastairpickering/Desktop/gibbon/present_1/present/CCMNP-S-R12_20250502_101902.wav
CCMNP-S-R12_20250502_102002,/Users/alastairpickering/Desktop/gibbon/present_1/present/CCMNP-S-R12_20250502_102002.wav
CCMNP-S-R12_20250502_102102,/Users/alastairpickering/Desktop/gibbon/present_1/present/CCMNP-S-R12_20250502_102102.wav
CCMNP-S-R12_20250502_102202,/Users/alastairpickering/Desktop/gibbon/present_1/present/CCMNP-S-R12_20250502_102202.wav
CCMNP-S-R12_20250502_102302,/Users/alastairpickering/Desktop/gibbon/present_1/present/CCMNP-S-R12_20250502_102302.wav
CCMNP-S-R12_20250502_102402,/Users/alastairpickering/Desktop/gibbon/present_1/present/CCMNP-S-R12_20250502_102402.wav
CCMNP-S-R12_20250502_102502,/Users/alastairpickering/Desktop/gibbon/present_1/present/CCMNP-S-R12_20250502_102502.wav
CCMNP-S-R12_20250502_102602,/Users/alastairpickering/Desktop/gibbon/present_1/present/CCMNP-S-R12_20250502_102602.wav
CCMNP-S-R12_20250502_102702,/Users/alastairpickering/Desktop/gibbon/present_1/present/CCMNP-S-R12_20250502_102702.wav
CCMNP-S-R12_20250502_102802,/Users/alastairpickering/Desktop/gibbon/present_1/present/CCMNP-S-R12_20250502_102802.wav
CCMNP-S-R12_20250502_103602,/Users/alastairpickering/Desktop/gibbon/present_1/present/CCMNP-S-R12_20250502_103602.wav
CCMNP-S-R12_20250502_103702,/Users/alastairpickering/Desktop/gibbon/present_1/present/CCMNP-S-R12_20250502_103702.wav
CCMNP-S-R12_20250502_104202,/Users/alastairpickering/Desktop/gibbon/present_1/present/CCMNP-S-R12_20250502_104202.wav
CCMNP-S-R12_20250502_104302,/Users/alastairpickering/Desktop/gibbon/present_1/present/CCMNP-S-R12_20250502_104302.wav
CCMNP-S-R12_20250502_104502,/Users/alastairpickering/Desktop/gibbon/present_1/present/CCMNP-S-R12_20250502_104502.wav
CCMNP-S-R12_20250502_104602,/Users/alastairpickering/Desktop/gibbon/present_1/present/CCMNP-S-R12_20250502_104602.wav
CCMNP-S-R12_20250502_104702,/Users/alastairpickering/Desktop/gibbon/present_1/present/CCMNP-S-R12_20250502_104702.wav
CCMNP-S-R12_20250502_104802,/Users/alastairpickering/Desktop/gibbon/present_1/present/CCMNP-S-R12_20250502_104802.wav
CCMNP-S-R12_20250502_104902,/Users/alastairpickering/Desktop/gibbon/present_1/present/CCMNP-S-R12_20250502_104902.wav
CCMNP-S-R12_20250502_105002,/Users/alastairpickering/Desktop/gibbon/present_1/present/CCMNP-S-R12_20250502_105002.wav
CCMNP-S-R12_20250502_105102,/Users/alastairpickering/Desktop/gibbon/present_1/present/CCMNP-S-R12_20250502_105102.wav
CCMNP-S-R12_20250502_105202,/Users/alastairpickering/Desktop/gibbon/present_1/present/CCMNP-S-R12_20250502_105202.wav
CCMNP-S-R12_20250502_105302,/Users/alastairpickering/Desktop/gibbon/present_1/present/CCMNP-S-R12_20250502_105302.wav
CCMNP-S-R12_20250502_105402,/Users/alastairpickering/Desktop/gibbon/present_1/present/CCMNP-S-R12_20250502_105402.wav
CCMNP-S-R12_20250502_105502,/Users/alastairpickering/Desktop/gibbon/present_1/present/CCMNP-S-R12_20250502_105502.wav
CCMNP-S-R12_20250502_105602,/Users/alastairpickering/Desktop/gibbon/present_1/present/CCMNP-S-R12_20250502_105602.wav
CCMNP-S-R12_20250502_105702,/Users/alastairpickering/Desktop/gibbon/present_1/present/CCMNP-S-R12_20250502_105702.wav
CCMNP-S-R12_20250502_105802,/Users/alastairpickering/Desktop/gibbon/present_1/present/CCMNP-S-R12_20250502_105802.wav
CCMNP-S-R12_20250502_105902,/Users/alastairpickering/Desktop/gibbon/present_1/present/CCMNP-S-R12_20250502_105902.wav
CCMNP-S-R12_20250502_110002,/Users/alastairpickering/Desktop/gibbon/present_1/present/CCMNP-S-R12_20250502_110002.wav
CCMNP-S-R12_20250502_110102,/Users/alastairpickering/Desktop/gibbon/present_1/present/CCMNP-S-R12_20250502_110102.wav
CCMNP-S-R12_20250502_110202,/Users/alastairpickering/Desktop/gibbon/present_1/present/CCMNP-S-R12_20250502_110202.wav
CCMNP-S-R12_20250502_110302,/Users/alastairpickering/Desktop/gibbon/present_1/present/CCMNP-S-R12_20250502_110302.wav
CCMNP-S-R12_20250502_110402,/Users/alastairpickering/Desktop/gibbon/present_1/present/CCMNP-S-R12_20250502_110402.wav
CCMNP-S-R12_20250502_110502,/Users/alastairpickering/Desktop/gibbon/present_1/present/CCMNP-S-R12_20250502_110502.wav
CCMNP-S-R12_20250502_110802,/Users/alastairpickering/Desktop/gibbon/present_1/present/CCMNP-S-R12_20250502_110802.wav
CCMNP-S-R12_20250502_110902,/Users/alastairpickering/Desktop/gibbon/present_1/present/CCMNP-S-R12_20250502_110902.wav
CCMNP-S-R12_20250502_111002,/Users/alastairpickering/Desktop/gibbon/present_1/present/CCMNP-S-R12_20250502_111002.wav
CCMNP-S-R12_20250502_111102,/Users/alastairpickering/Desktop/gibbon/present_1/present/CCMNP-S-R12_20250502_111102.wav
CCMNP-S-R12_20250502_111202,/Users/alastairpickering/Desktop/gibbon/present_1/present/CCMNP-S-R12_20250502_111202.wav
CCMNP-S-R12_20250502_111302,/Users/alastairpickering/Desktop/gibbon/present_1/present/CCMNP-S-R12_20250502_111302.wav
CCMNP-S-R12_20250502_111402,/Users/alastairpickering/Desktop/gibbon/present_1/present/CCMNP-S-R12_20250502_111402.wav
CCMNP-S-R12_20250502_111502,/Users/alastairpickering/Desktop/gibbon/present_1/present/CCMNP-S-R12_20250502_111502.wav
CCMNP-S-R12_20250502_111602,/Users/alastairpickering/Desktop/gibbon/present_1/present/CCMNP-S-R12_20250502_111602.wav
CCMNP-S-R12_20250502_111702,/Users/alastairpickering/Desktop/gibbon/present_1/present/CCMNP-S-R12_20250502_111702.wav
CCMNP-S-R12_20250502_111802,/Users/alastairpickering/Desktop/gibbon/present_1/present/CCMNP-S-R12_20250502_111802.wav
CCMNP-S-R12_20250502_111902,/Users/alastairpickering/Desktop/gibbon/present_1/present/CCMNP-S-R12_20250502_111902.wav
CCMNP-S-R12_20250502_112002,/Users/alastairpickering/Desktop/gibbon/present_1/present/CCMNP-S-R12_20250502_112002.wav
CCMNP-S-R12_20250502_112102,/Users/alastairpickering/Desktop/gibbon/present_1/present/CCMNP-S-R12_20250502_112102.wav
CCMNP-S-R12_20250502_112202,/Users/alastairpickering/Desktop/gibbon/present_1/present/CCMNP-S-R12_20250502_112202.wav
CCMNP-S-R12_20250502_112302,/Users/alastairpickering/Desktop/gibbon/present_1/present/CCMNP-S-R12_20250502_112302.wav
CCMNP-S-R12_20250502_112402,/Users/alastairpickering/Desktop/gibbon/present_1/present/CCMNP-S-R12_20250502_112402.wav
CCMNP-S-R12_20250502_112502,/Users/alastairpickering/Desktop/gibbon/present_1/present/CCMNP-S-R12_20250502_112502.wav
CCMNP-S-R12_20250502_112602,/Users/alastairpickering/Desktop/gibbon/present_1/present/CCMNP-S-R12_20250502_112602.wav
CCMNP-S-R12_20250502_112702,/Users/alastairpickering/Desktop/gibbon/present_1/present/CCMNP-S-R12_20250502_112702.wav
CCMNP-S-R12_20250502_112802,/Users/alastairpickering/Desktop/gibbon/present_1/present/CCMNP-S-R12_20250502_112802.wav
CCMNP-S-R12_20250502_112902,/Users/alastairpickering/Desktop/gibbon/present_1/present/CCMNP-S-R12_20250502_112902.wav
CCMNP-S-R12_20250502_113002,/Users/alastairpickering/Desktop/gibbon/present_1/present/CCMNP-S-R12_20250502_113002.wav
CCMNP-S-R12_20250502_113102,/Users/alastairpickering/Desktop/gibbon/present_1/present/CCMNP-S-R12_20250502_113102.wav
CCMNP-S-R12_20250502_113202,/Users/alastairpickering/Desktop/gibbon/present_1/present/CCMNP-S-R12_20250502_113202.wav
CCMNP-S-R12_20250502_113302,/Users/alastairpickering/Desktop/gibbon/present_1/present/CCMNP-S-R12_20250502_113302.wav
CCMNP-S-R12_20250502_113402,/Users/alastairpickering/Desktop/gibbon/present_1/present/CCMNP-S-R12_20250502_113402.wav
CCMNP-S-R12_20250502_113502,/Users/alastairpickering/Desktop/gibbon/present_1/present/CCMNP-S-R12_20250502_113502.wav
CCMNP-S-R12_20250502_113602,/Users/alastairpickering/Desktop/gibbon/present_1/present/CCMNP-S-R12_20250502_113602.wav
CCMNP-S-R12_20250502_113702,/Users/alastairpickering/Desktop/gibbon/present_1/present/CCMNP-S-R12_20250502_113702.wav
CCMNP-S-R12_20250502_113802,/Users/alastairpickering/Desktop/gibbon/present_1/present/CCMNP-S-R12_20250502_113802.wav
CCMNP-S-R12_20250502_113902,/Users/alastairpickering/Desktop/gibbon/present_1/present/CCMNP-S-R12_20250502_113902.wav
CCMNP-S-R12_20250502_114102,/Users/alastairpickering/Desktop/gibbon/present_1/present/CCMNP-S-R12_20250502_114102.wav
CCMNP-S-R12_20250502_114202,/Users/alastairpickering/Desktop/gibbon/present_1/present/CCMNP-S-R12_20250502_114202.wav
CCMNP-S-R12_20250502_114302,/Users/alastairpickering/Desktop/gibbon/present_1/present/CCMNP-S-R12_20250502_114302.wav
CCMNP-S-R12_20250502_114402,/Users/alastairpickering/Desktop/gibbon/present_1/present/CCMNP-S-R12_20250502_114402.wav
CCMNP-S-R12_20250502_114502,/Users/alastairpickering/Desktop/gibbon/present_1/present/CCMNP-S-R12_20250502_114502.wav
CCMNP-S-R12_20250502_114702,/Users/alastairpickering/Desktop/gibbon/present_1/present/CCMNP-S-R12_20250502_114702.wav
CCMNP-S-R12_20250502_114802,/Users/alastairpickering/Desktop/gibbon/present_1/present/CCMNP-S-R12_20250502_114802.wav
CCMNP-S-R12_20250502_114902,/Users/alastairpickering/Desktop/gibbon/present_1/present/CCMNP-S-R12_20250502_114902.wav
CCMNP-S-R12_20250502_115002,/Users/alastairpickering/Desktop/gibbon/present_1/present/CCMNP-S-R12_20250502_115002.wav
CCMNP-S-R12_20250502_115102,/Users/alastairpickering/Desktop/gibbon/present_1/present/CCMNP-S-R12_20250502_115102.wav
CCMNP-S-R12_20250502_115202,/Users/alastairpickering/Desktop/gibbon/present_1/present/CCMNP-S-R12_20250502_115202.wav
CCMNP-S-R12_20250502_115302,/Users/alastairpickering/Desktop/gibbon/present_1/present/CCMNP-S-R12_20250502_115302.wav
CCMNP-S-R12_20250502_115402,/Users/alastairpickering/Desktop/gibbon/present_1/present/CCMNP-S-R12_20250502_115402.wav
CCMNP-S-R12_20250502_115502,/Users/alastairpickering/Desktop/gibbon/present_1/present/CCMNP-S-R12_20250502_115502.wav
CCMNP-S-R12_20250502_115602,/Users/alastairpickering/Desktop/gibbon/present_1/present/CCMNP-S-R12_20250502_115602.wav
CCMNP-S-R12_20250502_115802,/Users/alastairpickering/Desktop/gibbon/present_1/present/CCMNP-S-R12_20250502_115802.wav
CCMNP-S-R12_20250502_115902,/Users/alastairpickering/Desktop/gibbon/present_1/present/CCMNP-S-R12_20250502_115902.wav
CCMNP-S-R12_20250502_120002,/Users/alastairpickering/Desktop/gibbon/present_1/present/CCMNP-S-R12_20250502_120002.wav
CCMNP-S-R12_20250502_120202,/Users/alastairpickering/Desktop/gibbon/present_1/present/CCMNP-S-R12_20250502_120202.wav
CCMNP-S-R12_20250502_125602,/Users/alastairpickering/Desktop/gibbon/present_1/present/CCMNP-S-R12_20250502_125602.wav
CCMNP-S-R12_20250503_072302,/Users/alastairpickering/Desktop/gibbon/present_1/present/CCMNP-S-R12_20250503_072302.wav
CCMNP-S-R12_20250503_073602,/Users/alastairpickering/Desktop/gibbon/present_1/present/CCMNP-S-R12_20250503_073602.wav
CCMNP-S-R12_20250503_084802,/Users/alastairpickering/Desktop/gibbon/present_1/present/CCMNP-S-R12_20250503_084802.wav
CCMNP-S-R12_20250503_091402,/Users/alastairpickering/Desktop/gibbon/present_1/present/CCMNP-S-R12_20250503_091402.wav
CCMNP-S-R12_20250503_091602,/Users/alastairpickering/Desktop/gibbon/present_1/present/CCMNP-S-R12_20250503_091602.wav
CCMNP-S-R12_20250503_100302,/Users/alastairpickering/Desktop/gibbon/present_1/present/CCMNP-S-R12_20250503_100302.wav
CCMNP-S-R12_20250503_100402,/Users/alastairpickering/Desktop/gibbon/present_1/present/CCMNP-S-R12_20250503_100402.wav
CCMNP-S-R12_20250503_100502,/Users/alastairpickering/Desktop/gibbon/present_1/present/CCMNP-S-R12_20250503_100502.wav
CCMNP-S-R12_20250503_100602,/Users/alastairpickering/Desktop/gibbon/present_1/present/CCMNP-S-R12_20250503_100602.wav
CCMNP-S-R12_20250503_100702,/Users/alastairpickering/Desktop/gibbon/present_1/present/CCMNP-S-R12_20250503_100702.wav
CCMNP-S-R12_20250503_100902,/Users/alastairpickering/Desktop/gibbon/present_1/present/CCMNP-S-R12_20250503_100902.wav
CCMNP-S-R12_20250503_101002,/Users/alastairpickering/Desktop/gibbon/present_1/present/CCMNP-S-R12_20250503_101002.wav
CCMNP-S-R12_20250503_101102,/Users/alastairpickering/Desktop/gibbon/present_1/present/CCMNP-S-R12_20250503_101102.wav
CCMNP-S-R12_20250503_101202,/Users/alastairpickering/Desktop/gibbon/present_1/present/CCMNP-S-R12_20250503_101202.wav
CCMNP-S-R12_20250503_101402,/Users/alastairpickering/Desktop/gibbon/present_1/present/CCMNP-S-R12_20250503_101402.wav
CCMNP-S-R12_20250503_101502,/Users/alastairpickering/Desktop/gibbon/present_1/present/CCMNP-S-R12_20250503_101502.wav
CCMNP-S-R12_20250503_101602,/Users/alastairpickering/Desktop/gibbon/present_1/present/CCMNP-S-R12_20250503_101602.wav
CCMNP-S-R12_20250503_101702,/Users/alastairpickering/Desktop/gibbon/present_1/present/CCMNP-S-R12_20250503_101702.wav
CCMNP-S-R12_20250503_101902,/Users/alastairpickering/Desktop/gibbon/present_1/present/CCMNP-S-R12_20250503_101902.wav
CCMNP-S-R12_20250503_102002,/Users/alastairpickering/Desktop/gibbon/present_1/present/CCMNP-S-R12_20250503_102002.wav
CCMNP-S-R12_20250503_103102,/Users/alastairpickering/Desktop/gibbon/present_1/present/CCMNP-S-R12_20250503_103102.wav
CCMNP-S-R12_20250503_105202,/Users/alastairpickering/Desktop/gibbon/present_1/present/CCMNP-S-R12_20250503_105202.wav
CCMNP-S-R12_20250503_105502,/Users/alastairpickering/Desktop/gibbon/present_1/present/CCMNP-S-R12_20250503_105502.wav
CCMNP-S-R12_20250503_111802,/Users/alastairpickering/Desktop/gibbon/present_1/present/CCMNP-S-R12_20250503_111802.wav
CCMNP-S-R12_20250503_111902,/Users/alastairpickering/Desktop/gibbon/present_1/present/CCMNP-S-R12_20250503_111902.wav
CCMNP-S-R12_20250503_113202,/Users/alastairpickering/Desktop/gibbon/present_1/present/CCMNP-S-R12_20250503_113202.wav
CCMNP-S-R12_20250503_114702,/Users/alastairpickering/Desktop/gibbon/present_1/present/CCMNP-S-R12_20250503_114702.wav
CCMNP-S-R12_20250503_120102,/Users/alastairpickering/Desktop/gibbon/present_1/present/CCMNP-S-R12_20250503_120102.wav
CCMNP-S-R12_20250504_071002,/Users/alastairpickering/Desktop/gibbon/present_1/present/CCMNP-S-R12_20250504_071002.wav
CCMNP-S-R12_20250504_083102,/Users/alastairpickering/Desktop/gibbon/present_1/present/CCMNP-S-R12_20250504_083102.wav
CCMNP-S-R12_20250504_095702,/Users/alastairpickering/Desktop/gibbon/present_1/present/CCMNP-S-R12_20250504_095702.wav
CCMNP-S-R12_20250504_095802,/Users/alastairpickering/Desktop/gibbon/present_1/present/CCMNP-S-R12_20250504_095802.wav
CCMNP-S-R12_20250504_100002,/Users/alastairpickering/Desktop/gibbon/present_1/present/CCMNP-S-R12_20250504_100002.wav
CCMNP-S-R12_20250504_100402,/Users/alastairpickering/Desktop/gibbon/present_1/present/CCMNP-S-R12_20250504_100402.wav
CCMNP-S-R12_20250504_100502,/Users/alastairpickering/Desktop/gibbon/present_1/present/CCMNP-S-R12_20250504_100502.wav
CCMNP-S-R12_20250504_100602,/Users/alastairpickering/Desktop/gibbon/present_1/present/CCMNP-S-R12_20250504_100602.wav
CCMNP-S-R12_20250504_100702,/Users/alastairpickering/Desktop/gibbon/present_1/present/CCMNP-S-R12_20250504_100702.wav
CCMNP-S-R12_20250504_100902,/Users/alastairpickering/Desktop/gibbon/present_1/present/CCMNP-S-R12_20250504_100902.wav
CCMNP-S-R12_20250504_101002,/Users/alastairpickering/Desktop/gibbon/present_1/present/CCMNP-S-R12_20250504_101002.wav
CCMNP-S-R12_20250504_101102,/Users/alastairpickering/Desktop/gibbon/present_1/present/CCMNP-S-R12_20250504_101102.wav
CCMNP-S-R12_20250504_101202,/Users/alastairpickering/Desktop/gibbon/present_1/present/CCMNP-S-R12_20250504_101202.wav
CCMNP-S-R12_20250504_101302,/Users/alastairpickering/Desktop/gibbon/present_1/present/CCMNP-S-R12_20250504_101302.wav
CCMNP-S-R12_20250504_101402,/Users/alastairpickering/Desktop/gibbon/present_1/present/CCMNP-S-R12_20250504_101402.wav
CCMNP-S-R12_20250504_101502,/Users/alastairpickering/Desktop/gibbon/present_1/present/CCMNP-S-R12_20250504_101502.wav
CCMNP-S-R12_20250504_101602,/Users/alastairpickering/Desktop/gibbon/present_1/present/CCMNP-S-R12_20250504_101602.wav
CCMNP-S-R12_20250504_101702,/Users/alastairpickering/Desktop/gibbon/present_1/present/CCMNP-S-R12_20250504_101702.wav
CCMNP-S-R12_20250504_101802,/Users/alastairpickering/Desktop/gibbon/present_1/present/CCMNP-S-R12_20250504_101802.wav
CCMNP-S-R12_20250504_102002,/Users/alastairpickering/Desktop/gibbon/present_1/present/CCMNP-S-R12_20250504_102002.wav
CCMNP-S-R12_20250504_102102,/Users/alastairpickering/Desktop/gibbon/present_1/present/CCMNP-S-R12_20250504_102102.wav
CCMNP-S-R12_20250504_102802,/Users/alastairpickering/Desktop/gibbon/present_1/present/CCMNP-S-R12_20250504_102802.wav
CCMNP-S-R12_20250504_103002,/Users/alastairpickering/Desktop/gibbon/present_1/present/CCMNP-S-R12_20250504_103002.wav
CCMNP-S-R12_20250504_103202,/Users/alastairpickering/Desktop/gibbon/present_1/present/CCMNP-S-R12_20250504_103202.wav
CCMNP-S-R12_20250504_103402,/Users/alastairpickering/Desktop/gibbon/present_1/present/CCMNP-S-R12_20250504_103402.wav
CCMNP-S-R12_20250504_103502,/Users/alastairpickering/Desktop/gibbon/present_1/present/CCMNP-S-R12_20250504_103502.wav
CCMNP-S-R12_20250504_103602,/Users/alastairpickering/Desktop/gibbon/present_1/present/CCMNP-S-R12_20250504_103602.wav
CCMNP-S-R12_20250504_103702,/Users/alastairpickering/Desktop/gibbon/present_1/present/CCMNP-S-R12_20250504_103702.wav
CCMNP-S-R12_20250504_103802,/Users/alastairpickering/Desktop/gibbon/present_1/present/CCMNP-S-R12_20250504_103802.wav
CCMNP-S-R12_20250504_103902,/Users/alastairpickering/Desktop/gibbon/present_1/present/CCMNP-S-R12_20250504_103902.wav
CCMNP-S-R12_20250504_104002,/Users/alastairpickering/Desktop/gibbon/present_1/present/CCMNP-S-R12_20250504_104002.wav
CCMNP-S-R12_20250504_104102,/Users/alastairpickering/Desktop/gibbon/present_1/present/CCMNP-S-R12_20250504_104102.wav
CCMNP-S-R12_20250504_104202,/Users/alastairpickering/Desktop/gibbon/present_1/present/CCMNP-S-R12_20250504_104202.wav
CCMNP-S-R12_20250504_104302,/Users/alastairpickering/Desktop/gibbon/present_1/present/CCMNP-S-R12_20250504_104302.wav
CCMNP-S-R12_20250504_104402,/Users/alastairpickering/Desktop/gibbon/present_1/present/CCMNP-S-R12_20250504_104402.wav
CCMNP-S-R12_20250504_104502,/Users/alastairpickering/Desktop/gibbon/present_1/present/CCMNP-S-R12_20250504_104502.wav
CCMNP-S-R12_20250504_104602,/Users/alastairpickering/Desktop/gibbon/present_1/present/CCMNP-S-R12_20250504_104602.wav
CCMNP-S-R12_20250504_104702,/Users/alastairpickering/Desktop/gibbon/present_1/present/CCMNP-S-R12_20250504_104702.wav
CCMNP-S-R12_20250504_104802,/Users/alastairpickering/Desktop/gibbon/present_1/present/CCMNP-S-R12_20250504_104802.wav
CCMNP-S-R12_20250504_104902,/Users/alastairpickering/Desktop/gibbon/present_1/present/CCMNP-S-R12_20250504_104902.wav
CCMNP-S-R12_20250504_105002,/Users/alastairpickering/Desktop/gibbon/present_1/present/CCMNP-S-R12_20250504_105002.wav
CCMNP-S-R12_20250504_105202,/Users/alastairpickering/Desktop/gibbon/present_1/present/CCMNP-S-R12_20250504_105202.wav
CCMNP-S-R12_20250504_105302,/Users/alastairpickering/Desktop/gibbon/present_1/present/CCMNP-S-R12_20250504_105302.wav
CCMNP-S-R12_20250504_105402,/Users/alastairpickering/Desktop/gibbon/present_1/present/CCMNP-S-R12_20250504_105402.wav
CCMNP-S-R12_20250504_105502,/Users/alastairpickering/Desktop/gibbon/present_1/present/CCMNP-S-R12_20250504_105502.wav
CCMNP-S-R12_20250504_105902,/Users/alastairpickering/Desktop/gibbon/present_1/present/CCMNP-S-R12_20250504_105902.wav
CCMNP-S-R12_20250504_111102,/Users/alastairpickering/Desktop/gibbon/present_1/present/CCMNP-S-R12_20250504_111102.wav
CCMNP-S-R12_20250504_113302,/Users/alastairpickering/Desktop/gibbon/present_1/present/CCMNP-S-R12_20250504_113302.wav
CCMNP-S-R12_20250504_115602,/Users/alastairpickering/Desktop/gibbon/present_1/present/CCMNP-S-R12_20250504_115602.wav
CCMNP-S-R12_20250504_121202,/Users/alastairpickering/Desktop/gibbon/present_1/present/CCMNP-S-R12_20250504_121202.wav
CCMNP-S-R12_20250504_121302,/Users/alastairpickering/Desktop/gibbon/present_1/present/CCMNP-S-R12_20250504_121302.wav
CCMNP-S-R12_20250504_125602,/Users/alastairpickering/Desktop/gibbon/present_1/present/CCMNP-S-R12_20250504_125602.wav
CCMNP-S-R12_20250504_160102,/Users/alastairpickering/Desktop/gibbon/present_1/present/CCMNP-S-R12_20250504_160102.wav
CCMNP-S-R12_20250504_174202,/Users/alastairpickering/Desktop/gibbon/present_1/present/CCMNP-S-R12_20250504_174202.wav
CCMNP-S-R12_20250504_213602,/Users/alastairpickering/Desktop/gibbon/present_1/present/CCMNP-S-R12_20250504_213602.wav
CCMNP-S-R12_20250504_215202,/Users/alastairpickering/Desktop/gibbon/present_1/present/CCMNP-S-R12_20250504_215202.wav
CCMNP-S-R12_20250504_233602,/Users/alastairpickering/Desktop/gibbon/present_1/present/CCMNP-S-R12_20250504_233602.wav
CCMNP-S-R1_20250513_084432,/Users/alastairpickering/Desktop/gibbon/present_1/present/CCMNP-S-R1_20250513_084432.wav
CCMNP-S-R1_20250515_040202,/Users/alastairpickering/Desktop/gibbon/present_1/present/CCMNP-S-R1_20250515_040202.wav
CCMNP-S-R1_20250515_041502,/Users/alastairpickering/Desktop/gibbon/present_1/present/CCMNP-S-R1_20250515_041502.wav
CCMNP-S-R1_20250515_041602,/Users/alastairpickering/Desktop/gibbon/present_1/present/CCMNP-S-R1_20250515_041602.wav
CCMNP-S-R1_20250515_042002,/Users/alastairpickering/Desktop/gibbon/present_1/present/CCMNP-S-R1_20250515_042002.wav
CCMNP-S-R1_20250515_042202,/Users/alastairpickering/Desktop/gibbon/present_1/present/CCMNP-S-R1_20250515_042202.wav
CCMNP-S-R1_20250515_042302,/Users/alastairpickering/Desktop/gibbon/present_1/present/CCMNP-S-R1_20250515_042302.wav
CCMNP-S-R1_20250515_042402,/Users/alastairpickering/Desktop/gibbon/present_1/present/CCMNP-S-R1_20250515_042402.wav
CCMNP-S-R1_20250515_042802,/Users/alastairpickering/Desktop/gibbon/present_1/present/CCMNP-S-R1_20250515_042802.wav
CCMNP-S-R1_20250515_043002,/Users/alastairpickering/Desktop/gibbon/present_1/present/CCMNP-S-R1_20250515_043002.wav
CCMNP-S-R1_20250515_043402,/Users/alastairpickering/Desktop/gibbon/present_1/present/CCMNP-S-R1_20250515_043402.wav
CCMNP-S-R1_20250515_043502,/Users/alastairpickering/Desktop/gibbon/present_1/present/CCMNP-S-R1_20250515_043502.wav
CCMNP-S-R1_20250515_044302,/Users/alastairpickering/Desktop/gibbon/present_1/present/CCMNP-S-R1_20250515_044302.wav
CCMNP-S-R1_20250515_044902,/Users/alastairpickering/Desktop/gibbon/present_1/present/CCMNP-S-R1_20250515_044902.wav
CCMNP-S-R1_20250515_045002,/Users/alastairpickering/Desktop/gibbon/present_1/present/CCMNP-S-R1_20250515_045002.wav
CCMNP-S-R1_20250515_045202,/Users/alastairpickering/Desktop/gibbon/present_1/present/CCMNP-S-R1_20250515_045202.wav
CCMNP-S-R1_20250515_045302,/Users/alastairpickering/Desktop/gibbon/present_1/present/CCMNP-S-R1_20250515_045302.wav
CCMNP-S-R1_20250515_045402,/Users/alastairpickering/Desktop/gibbon/present_1/present/CCMNP-S-R1_20250515_045402.wav
CCMNP-S-R1_20250515_045502,/Users/alastairpickering/Desktop/gibbon/present_1/present/CCMNP-S-R1_20250515_045502.wav
CCMNP-S-R1_20250515_045602,/Users/alastairpickering/Desktop/gibbon/present_1/present/CCMNP-S-R1_20250515_045602.wav
CCMNP-S-R1_20250515_045802,/Users/alastairpickering/Desktop/gibbon/present_1/present/CCMNP-S-R1_20250515_045802.wav
CCMNP-S-R1_20250515_045902,/Users/alastairpickering/Desktop/gibbon/present_1/present/CCMNP-S-R1_20250515_045902.wav
CCMNP-S-R1_20250515_050302,/Users/alastairpickering/Desktop/gibbon/present_1/present/CCMNP-S-R1_20250515_050302.wav
CCMNP-S-R1_20250515_050402,/Users/alastairpickering/Desktop/gibbon/present_1/present/CCMNP-S-R1_20250515_050402.wav
CCMNP-S-R1_20250515_050502,/Users/alastairpickering/Desktop/gibbon/present_1/present/CCMNP-S-R1_20250515_050502.wav
CCMNP-S-R1_20250515_050602,/Users/alastairpickering/Desktop/gibbon/present_1/present/CCMNP-S-R1_20250515_050602.wav
CCMNP-S-R1_20250515_050702,/Users/alastairpickering/Desktop/gibbon/present_1/present/CCMNP-S-R1_20250515_050702.wav
CCMNP-S-R1_20250515_060402,/Users/alastairpickering/Desktop/gibbon/present_1/present/CCMNP-S-R1_20250515_060402.wav
CCMNP-S-R1_20250515_060602,/Users/alastairpickering/Desktop/gibbon/present_1/present/CCMNP-S-R1_20250515_060602.wav
CCMNP-S-R1_20250515_060702,/Users/alastairpickering/Desktop/gibbon/present_1/present/CCMNP-S-R1_20250515_060702.wav
CCMNP-S-R1_20250515_063302,/Users/alastairpickering/Desktop/gibbon/present_1/present/CCMNP-S-R1_20250515_063302.wav
CCMNP-S-R1_20250515_063902,/Users/alastairpickering/Desktop/gibbon/present_1/present/CCMNP-S-R1_20250515_063902.wav
CCMNP-S-R1_20250515_064402,/Users/alastairpickering/Desktop/gibbon/present_1/present/CCMNP-S-R1_20250515_064402.wav
CCMNP-S-R1_20250515_065102,/Users/alastairpickering/Desktop/gibbon/present_1/present/CCMNP-S-R1_20250515_065102.wav
CCMNP-S-R1_20250515_071102,/Users/alastairpickering/Desktop/gibbon/present_1/present/CCMNP-S-R1_20250515_071102.wav
CCMNP-S-R1_20250515_071402,/Users/alastairpickering/Desktop/gibbon/present_1/present/CCMNP-S-R1_20250515_071402.wav
CCMNP-S-R1_20250515_074302,/Users/alastairpickering/Desktop/gibbon/present_1/present/CCMNP-S-R1_20250515_074302.wav
CCMNP-S-R1_20250515_074402,/Users/alastairpickering/Desktop/gibbon/present_1/present/CCMNP-S-R1_20250515_074402.wav
CCMNP-S-R1_20250515_074602,/Users/alastairpickering/Desktop/gibbon/present_1/present/CCMNP-S-R1_20250515_074602.wav
CCMNP-S-R1_20250515_074802,/Users/alastairpickering/Desktop/gibbon/present_1/present/CCMNP-S-R1_20250515_074802.wav
CCMNP-S-R1_20250515_074902,/Users/alastairpickering/Desktop/gibbon/present_1/present/CCMNP-S-R1_20250515_074902.wav
CCMNP-S-R1_20250515_075102,/Users/alastairpickering/Desktop/gibbon/present_1/present/CCMNP-S-R1_20250515_075102.wav
CCMNP-S-R1_20250515_075302,/Users/alastairpickering/Desktop/gibbon/present_1/present/CCMNP-S-R1_20250515_075302.wav
CCMNP-S-R1_20250515_075402,/Users/alastairpickering/Desktop/gibbon/present_1/present/CCMNP-S-R1_20250515_075402.wav
CCMNP-S-R1_20250515_075502,/Users/alastairpickering/Desktop/gibbon/present_1/present/CCMNP-S-R1_20250515_075502.wav
CCMNP-S-R1_20250515_084802,/Users/alastairpickering/Desktop/gibbon/present_1/present/CCMNP-S-R1_20250515_084802.wav
CCMNP-S-R1_20250515_085302,/Users/alastairpickering/Desktop/gibbon/present_1/present/CCMNP-S-R1_20250515_085302.wav
CCMNP-S-R1_20250515_085402,/Users/alastairpickering/Desktop/gibbon/present_1/present/CCMNP-S-R1_20250515_085402.wav
CCMNP-S-R1_20250515_090202,/Users/alastairpickering/Desktop/gibbon/present_1/present/CCMNP-S-R1_20250515_090202.wav
CCMNP-S-R1_20250515_090402,/Users/alastairpickering/Desktop/gibbon/present_1/present/CCMNP-S-R1_20250515_090402.wav
CCMNP-S-R1_20250515_091702,/Users/alastairpickering/Desktop/gibbon/present_1/present/CCMNP-S-R1_20250515_091702.wav
CCMNP-S-R1_20250515_092002,/Users/alastairpickering/Desktop/gibbon/present_1/present/CCMNP-S-R1_20250515_092002.wav
CCMNP-S-R1_20250515_092102,/Users/alastairpickering/Desktop/gibbon/present_1/present/CCMNP-S-R1_20250515_092102.wav
CCMNP-S-R1_20250515_092302,/Users/alastairpickering/Desktop/gibbon/present_1/present/CCMNP-S-R1_20250515_092302.wav
CCMNP-S-R1_20250515_092402,/Users/alastairpickering/Desktop/gibbon/present_1/present/CCMNP-S-R1_20250515_092402.wav
CCMNP-S-R1_20250515_092802,/Users/alastairpickering/Desktop/gibbon/present_1/present/CCMNP-S-R1_20250515_092802.wav
CCMNP-S-R1_20250515_094302,/Users/alastairpickering/Desktop/gibbon/present_1/present/CCMNP-S-R1_20250515_094302.wav
CCMNP-S-R1_20250515_094702,/Users/alastairpickering/Desktop/gibbon/present_1/present/CCMNP-S-R1_20250515_094702.wav
CCMNP-S-R1_20250515_101502,/Users/alastairpickering/Desktop/gibbon/present_1/present/CCMNP-S-R1_20250515_101502.wav
CCMNP-S-R1_20250515_101702,/Users/alastairpickering/Desktop/gibbon/present_1/present/CCMNP-S-R1_20250515_101702.wav
CCMNP-S-R1_20250515_101802,/Users/alastairpickering/Desktop/gibbon/present_1/present/CCMNP-S-R1_20250515_101802.wav
CCMNP-S-R1_20250515_101902,/Users/alastairpickering/Desktop/gibbon/present_1/present/CCMNP-S-R1_20250515_101902.wav
CCMNP-S-R1_20250515_102002,/Users/alastairpickering/Desktop/gibbon/present_1/present/CCMNP-S-R1_20250515_102002.wav
CCMNP-S-R1_20250515_102102,/Users/alastairpickering/Desktop/gibbon/present_1/present/CCMNP-S-R1_20250515_102102.wav
CCMNP-S-R1_20250515_102202,/Users/alastairpickering/Desktop/gibbon/present_1/present/CCMNP-S-R1_20250515_102202.wav
CCMNP-S-R1_20250515_102302,/Users/alastairpickering/Desktop/gibbon/present_1/present/CCMNP-S-R1_20250515_102302.wav
CCMNP-S-R1_20250515_102502,/Users/alastairpickering/Desktop/gibbon/present_1/present/CCMNP-S-R1_20250515_102502.wav
CCMNP-S-R1_20250515_102702,/Users/alastairpickering/Desktop/gibbon/present_1/present/CCMNP-S-R1_20250515_102702.wav
CCMNP-S-R1_20250515_102802,/Users/alastairpickering/Desktop/gibbon/present_1/present/CCMNP-S-R1_20250515_102802.wav
CCMNP-S-R1_20250515_103102,/Users/alastairpickering/Desktop/gibbon/present_1/present/CCMNP-S-R1_20250515_103102.wav
CCMNP-S-R1_20250515_103202,/Users/alastairpickering/Desktop/gibbon/present_1/present/CCMNP-S-R1_20250515_103202.wav
CCMNP-S-R1_20250515_103302,/Users/alastairpickering/Desktop/gibbon/present_1/present/CCMNP-S-R1_20250515_103302.wav
CCMNP-S-R1_20250515_103702,/Users/alastairpickering/Desktop/gibbon/present_1/present/CCMNP-S-R1_20250515_103702.wav
CCMNP-S-R1_20250515_103802,/Users/alastairpickering/Desktop/gibbon/present_1/present/CCMNP-S-R1_20250515_103802.wav
CCMNP-S-R1_20250515_104102,/Users/alastairpickering/Desktop/gibbon/present_1/present/CCMNP-S-R1_20250515_104102.wav
CCMNP-S-R1_20250515_111202,/Users/alastairpickering/Desktop/gibbon/present_1/present/CCMNP-S-R1_20250515_111202.wav
CCMNP-S-R1_20250515_111702,/Users/alastairpickering/Desktop/gibbon/present_1/present/CCMNP-S-R1_20250515_111702.wav
CCMNP-S-R1_20250515_111802,/Users/alastairpickering/Desktop/gibbon/present_1/present/CCMNP-S-R1_20250515_111802.wav
CCMNP-S-R1_20250515_111902,/Users/alastairpickering/Desktop/gibbon/present_1/present/CCMNP-S-R1_20250515_111902.wav
CCMNP-S-R1_20250515_113202,/Users/alastairpickering/Desktop/gibbon/present_1/present/CCMNP-S-R1_20250515_113202.wav
CCMNP-S-R1_20250515_113402,/Users/alastairpickering/Desktop/gibbon/present_1/present/CCMNP-S-R1_20250515_113402.wav
CCMNP-S-R1_20250515_113702,/Users/alastairpickering/Desktop/gibbon/present_1/present/CCMNP-S-R1_20250515_113702.wav
CCMNP-S-R1_20250515_114802,/Users/alastairpickering/Desktop/gibbon/present_1/present/CCMNP-S-R1_20250515_114802.wav
CCMNP-S-R1_20250515_151002,/Users/alastairpickering/Desktop/gibbon/present_1/present/CCMNP-S-R1_20250515_151002.wav
CCMNP-S-R1_20250515_211502,/Users/alastairpickering/Desktop/gibbon/present_1/present/CCMNP-S-R1_20250515_211502.wav
CCMNP-S-R1_20250515_215502,/Users/alastairpickering/Desktop/gibbon/present_1/present/CCMNP-S-R1_20250515_215502.wav
CCMNP-S-R1_20250516_042702,/Users/alastairpickering/Desktop/gibbon/present_1/present/CCMNP-S-R1_20250516_042702.wav
CCMNP-S-R1_20250516_050702,/Users/alastairpickering/Desktop/gibbon/present_1/present/CCMNP-S-R1_20250516_050702.wav
CCMNP-S-R1_20250516_054402,/Users/alastairpickering/Desktop/gibbon/present_1/present/CCMNP-S-R1_20250516_054402.wav
CCMNP-S-R1_20250516_055202,/Users/alastairpickering/Desktop/gibbon/present_1/present/CCMNP-S-R1_20250516_055202.wav
CCMNP-S-R1_20250516_055402,/Users/alastairpickering/Desktop/gibbon/present_1/present/CCMNP-S-R1_20250516_055402.wav
CCMNP-S-R1_20250516_055702,/Users/alastairpickering/Desktop/gibbon/present_1/present/CCMNP-S-R1_20250516_055702.wav
CCMNP-S-R1_20250516_060102,/Users/alastairpickering/Desktop/gibbon/present_1/present/CCMNP-S-R1_20250516_060102.wav
CCMNP-S-R1_20250516_060302,/Users/alastairpickering/Desktop/gibbon/present_1/present/CCMNP-S-R1_20250516_060302.wav
CCMNP-S-R1_20250516_063202,/Users/alastairpickering/Desktop/gibbon/present_1/present/CCMNP-S-R1_20250516_063202.wav
CCMNP-S-R1_20250516_063302,/Users/alastairpickering/Desktop/gibbon/present_1/present/CCMNP-S-R1_20250516_063302.wav
CCMNP-S-R1_20250516_063402,/Users/alastairpickering/Desktop/gibbon/present_1/present/CCMNP-S-R1_20250516_063402.wav
CCMNP-S-R1_20250516_063602,/Users/alastairpickering/Desktop/gibbon/present_1/present/CCMNP-S-R1_20250516_063602.wav
CCMNP-S-R1_20250516_063702,/Users/alastairpickering/Desktop/gibbon/present_1/present/CCMNP-S-R1_20250516_063702.wav
CCMNP-S-R1_20250516_063802,/Users/alastairpickering/Desktop/gibbon/present_1/present/CCMNP-S-R1_20250516_063802.wav
CCMNP-S-R1_20250516_063902,/Users/alastairpickering/Desktop/gibbon/present_1/present/CCMNP-S-R1_20250516_063902.wav
CCMNP-S-R1_20250516_064202,/Users/alastairpickering/Desktop/gibbon/present_1/present/CCMNP-S-R1_20250516_064202.wav
CCMNP-S-R1_20250516_064302,/Users/alastairpickering/Desktop/gibbon/present_1/present/CCMNP-S-R1_20250516_064302.wav
CCMNP-S-R1_20250516_064502,/Users/alastairpickering/Desktop/gibbon/present_1/present/CCMNP-S-R1_20250516_064502.wav
CCMNP-S-R1_20250516_064702,/Users/alastairpickering/Desktop/gibbon/present_1/present/CCMNP-S-R1_20250516_064702.wav
CCMNP-S-R1_20250516_064802,/Users/alastairpickering/Desktop/gibbon/present_1/present/CCMNP-S-R1_20250516_064802.wav
CCMNP-S-R1_20250516_064902,/Users/alastairpickering/Desktop/gibbon/present_1/present/CCMNP-S-R1_20250516_064902.wav
CCMNP-S-R1_20250516_065602,/Users/alastairpickering/Desktop/gibbon/present_1/present/CCMNP-S-R1_20250516_065602.wav
CCMNP-S-R1_20250516_071602,/Users/alastairpickering/Desktop/gibbon/present_1/present/CCMNP-S-R1_20250516_071602.wav
CCMNP-S-R1_20250516_072102,/Users/alastairpickering/Desktop/gibbon/present_1/present/CCMNP-S-R1_20250516_072102.wav
CCMNP-S-R1_20250516_073602,/Users/alastairpickering/Desktop/gibbon/present_1/present/CCMNP-S-R1_20250516_073602.wav
CCMNP-S-R1_20250516_073702,/Users/alastairpickering/Desktop/gibbon/present_1/present/CCMNP-S-R1_20250516_073702.wav
CCMNP-S-R1_20250516_073802,/Users/alastairpickering/Desktop/gibbon/present_1/present/CCMNP-S-R1_20250516_073802.wav
CCMNP-S-R1_20250516_083102,/Users/alastairpickering/Desktop/gibbon/present_1/present/CCMNP-S-R1_20250516_083102.wav
CCMNP-S-R1_20250516_083202,/Users/alastairpickering/Desktop/gibbon/present_1/present/CCMNP-S-R1_20250516_083202.wav
CCMNP-S-R1_20250516_083302,/Users/alastairpickering/Desktop/gibbon/present_1/present/CCMNP-S-R1_20250516_083302.wav
CCMNP-S-R1_20250516_083902,/Users/alastairpickering/Desktop/gibbon/present_1/present/CCMNP-S-R1_20250516_083902.wav
CCMNP-S-R1_20250516_084102,/Users/alastairpickering/Desktop/gibbon/present_1/present/CCMNP-S-R1_20250516_084102.wav
CCMNP-S-R1_20250516_084802,/Users/alastairpickering/Desktop/gibbon/present_1/present/CCMNP-S-R1_20250516_084802.wav
CCMNP-S-R1_20250516_084902,/Users/alastairpickering/Desktop/gibbon/present_1/present/CCMNP-S-R1_20250516_084902.wav
CCMNP-S-R1_20250516_085002,/Users/alastairpickering/Desktop/gibbon/present_1/present/CCMNP-S-R1_20250516_085002.wav
CCMNP-S-R1_20250516_085402,/Users/alastairpickering/Desktop/gibbon/present_1/present/CCMNP-S-R1_20250516_085402.wav
CCMNP-S-R1_20250516_085702,/Users/alastairpickering/Desktop/gibbon/present_1/present/CCMNP-S-R1_20250516_085702.wav
CCMNP-S-R1_20250516_090202,/Users/alastairpickering/Desktop/gibbon/present_1/present/CCMNP-S-R1_20250516_090202.wav
CCMNP-S-R1_20250516_090402,/Users/alastairpickering/Desktop/gibbon/present_1/present/CCMNP-S-R1_20250516_090402.wav
CCMNP-S-R1_20250516_090502,/Users/alastairpickering/Desktop/gibbon/present_1/present/CCMNP-S-R1_20250516_090502.wav
CCMNP-S-R1_20250516_090702,/Users/alastairpickering/Desktop/gibbon/present_1/present/CCMNP-S-R1_20250516_090702.wav
CCMNP-S-R1_20250516_090902,/Users/alastairpickering/Desktop/gibbon/present_1/present/CCMNP-S-R1_20250516_090902.wav
CCMNP-S-R1_20250516_091002,/Users/alastairpickering/Desktop/gibbon/present_1/present/CCMNP-S-R1_20250516_091002.wav
CCMNP-S-R1_20250516_091102,/Users/alastairpickering/Desktop/gibbon/present_1/present/CCMNP-S-R1_20250516_091102.wav
CCMNP-S-R1_20250516_091202,/Users/alastairpickering/Desktop/gibbon/present_1/present/CCMNP-S-R1_20250516_091202.wav
CCMNP-S-R1_20250516_091302,/Users/alastairpickering/Desktop/gibbon/present_1/present/CCMNP-S-R1_20250516_091302.wav
CCMNP-S-R1_20250516_094902,/Users/alastairpickering/Desktop/gibbon/present_1/present/CCMNP-S-R1_20250516_094902.wav
CCMNP-S-R1_20250516_100602,/Users/alastairpickering/Desktop/gibbon/present_1/present/CCMNP-S-R1_20250516_100602.wav
CCMNP-S-R3_20250513_125002,/Users/alastairpickering/Desktop/gibbon/present_1/present/CCMNP-S-R3_20250513_125002.wav
CCMNP-S-R3_20250513_125504,/Users/alastairpickering/Desktop/gibbon/present_1/present/CCMNP-S-R3_20250513_125504.wav
CCMNP-S-R3_20250513_134902,/Users/alastairpickering/Desktop/gibbon/present_1/present/CCMNP-S-R3_20250513_134902.wav
CCMNP-S-R3_20250513_135002,/Users/alastairpickering/Desktop/gibbon/present_1/present/CCMNP-S-R3_20250513_135002.wav
CCMNP-S-R3_20250513_150502,/Users/alastairpickering/Desktop/gibbon/present_1/present/CCMNP-S-R3_20250513_150502.wav
CCMNP-S-R3_20250513_150702,/Users/alastairpickering/Desktop/gibbon/present_1/present/CCMNP-S-R3_20250513_150702.wav
CCMNP-S-R3_20250513_151302,/Users/alastairpickering/Desktop/gibbon/present_1/present/CCMNP-S-R3_20250513_151302.wav
CCMNP-S-R3_20250513_160202,/Users/alastairpickering/Desktop/gibbon/present_1/present/CCMNP-S-R3_20250513_160202.wav
CCMNP-S-R3_20250514_060402,/Users/alastairpickering/Desktop/gibbon/present_1/present/CCMNP-S-R3_20250514_060402.wav
CCMNP-S-R3_20250514_065502,/Users/alastairpickering/Desktop/gibbon/present_1/present/CCMNP-S-R3_20250514_065502.wav
CCMNP-S-R3_20250514_080102,/Users/alastairpickering/Desktop/gibbon/present_1/present/CCMNP-S-R3_20250514_080102.wav
CCMNP-S-R3_20250514_080402,/Users/alastairpickering/Desktop/gibbon/present_1/present/CCMNP-S-R3_20250514_080402.wav
CCMNP-S-R3_20250514_080502,/Users/alastairpickering/Desktop/gibbon/present_1/present/CCMNP-S-R3_20250514_080502.wav
CCMNP-S-R3_20250514_080802,/Users/alastairpickering/Desktop/gibbon/present_1/present/CCMNP-S-R3_20250514_080802.wav
CCMNP-S-R3_20250514_080902,/Users/alastairpickering/Desktop/gibbon/present_1/present/CCMNP-S-R3_20250514_080902.wav
CCMNP-S-R3_20250514_083102,/Users/alastairpickering/Desktop/gibbon/present_1/present/CCMNP-S-R3_20250514_083102.wav
CCMNP-S-R3_20250514_084002,/Users/alastairpickering/Desktop/gibbon/present_1/present/CCMNP-S-R3_20250514_084002.wav
CCMNP-S-R3_20250514_084102,/Users/alastairpickering/Desktop/gibbon/present_1/present/CCMNP-S-R3_20250514_084102.wav
CCMNP-S-R3_20250514_084702,/Users/alastairpickering/Desktop/gibbon/present_1/present/CCMNP-S-R3_20250514_084702.wav
CCMNP-S-R3_20250514_084802,/Users/alastairpickering/Desktop/gibbon/present_1/present/CCMNP-S-R3_20250514_084802.wav
CCMNP-S-R3_20250514_104302,/Users/alastairpickering/Desktop/gibbon/present_1/present/CCMNP-S-R3_20250514_104302.wav
CCMNP-S-R3_20250514_104402,/Users/alastairpickering/Desktop/gibbon/present_1/present/CCMNP-S-R3_20250514_104402.wav
CCMNP-S-R3_20250514_104602,/Users/alastairpickering/Desktop/gibbon/present_1/present/CCMNP-S-R3_20250514_104602.wav
CCMNP-S-R3_20250514_104702,/Users/alastairpickering/Desktop/gibbon/present_1/present/CCMNP-S-R3_20250514_104702.wav
CCMNP-S-R3_20250514_104802,/Users/alastairpickering/Desktop/gibbon/present_1/present/CCMNP-S-R3_20250514_104802.wav
CCMNP-S-R3_20250514_104902,/Users/alastairpickering/Desktop/gibbon/present_1/present/CCMNP-S-R3_20250514_104902.wav
CCMNP-S-R3_20250514_105102,/Users/alastairpickering/Desktop/gibbon/present_1/present/CCMNP-S-R3_20250514_105102.wav
CCMNP-S-R3_20250514_105602,/Users/alastairpickering/Desktop/gibbon/present_1/present/CCMNP-S-R3_20250514_105602.wav
CCMNP-S-R3_20250514_105702,/Users/alastairpickering/Desktop/gibbon/present_1/present/CCMNP-S-R3_20250514_105702.wav
CCMNP-S-R3_20250514_110002,/Users/alastairpickering/Desktop/gibbon/present_1/present/CCMNP-S-R3_20250514_110002.wav
CCMNP-S-R3_20250514_110202,/Users/alastairpickering/Desktop/gibbon/present_1/present/CCMNP-S-R3_20250514_110202.wav
CCMNP-S-R3_20250514_110402,/Users/alastairpickering/Desktop/gibbon/present_1/present/CCMNP-S-R3_20250514_110402.wav
CCMNP-S-R3_20250514_112002,/Users/alastairpickering/Desktop/gibbon/present_1/present/CCMNP-S-R3_20250514_112002.wav
CCMNP-S-R3_20250514_123402,/Users/alastairpickering/Desktop/gibbon/present_1/present/CCMNP-S-R3_20250514_123402.wav
CCMNP-S-R3_20250514_123502,/Users/alastairpickering/Desktop/gibbon/present_1/present/CCMNP-S-R3_20250514_123502.wav
CCMNP-S-R3_20250514_123802,/Users/alastairpickering/Desktop/gibbon/present_1/present/CCMNP-S-R3_20250514_123802.wav
CCMNP-S-R3_20250514_123902,/Users/alastairpickering/Desktop/gibbon/present_1/present/CCMNP-S-R3_20250514_123902.wav
CCMNP-S-R3_20250514_131202,/Users/alastairpickering/Desktop/gibbon/present_1/present/CCMNP-S-R3_20250514_131202.wav
CCMNP-S-R3_20250514_131302,/Users/alastairpickering/Desktop/gibbon/present_1/present/CCMNP-S-R3_20250514_131302.wav
CCMNP-S-R3_20250515_080402,/Users/alastairpickering/Desktop/gibbon/present_1/present/CCMNP-S-R3_20250515_080402.wav
CCMNP-S-R3_20250515_092202,/Users/alastairpickering/Desktop/gibbon/present_1/present/CCMNP-S-R3_20250515_092202.wav
CCMNP-S-R3_20250515_093102,/Users/alastairpickering/Desktop/gibbon/present_1/present/CCMNP-S-R3_20250515_093102.wav
CCMNP-S-R3_20250515_094702,/Users/alastairpickering/Desktop/gibbon/present_1/present/CCMNP-S-R3_20250515_094702.wav
CCMNP-S-R3_20250515_095202,/Users/alastairpickering/Desktop/gibbon/present_1/present/CCMNP-S-R3_20250515_095202.wav
CCMNP-S-R3_20250515_095302,/Users/alastairpickering/Desktop/gibbon/present_1/present/CCMNP-S-R3_20250515_095302.wav
CCMNP-S-R3_20250515_095802,/Users/alastairpickering/Desktop/gibbon/present_1/present/CCMNP-S-R3_20250515_095802.wav
CCMNP-S-R3_20250515_100002,/Users/alastairpickering/Desktop/gibbon/present_1/present/CCMNP-S-R3_20250515_100002.wav
CCMNP-S-R3_20250515_100102,/Users/alastairpickering/Desktop/gibbon/present_1/present/CCMNP-S-R3_20250515_100102.wav
CCMNP-S-R3_20250515_100202,/Users/alastairpickering/Desktop/gibbon/present_1/present/CCMNP-S-R3_20250515_100202.wav
CCMNP-S-R3_20250515_100302,/Users/alastairpickering/Desktop/gibbon/present_1/present/CCMNP-S-R3_20250515_100302.wav
CCMNP-S-R3_20250515_100402,/Users/alastairpickering/Desktop/gibbon/present_1/present/CCMNP-S-R3_20250515_100402.wav
CCMNP-S-R3_20250515_100502,/Users/alastairpickering/Desktop/gibbon/present_1/present/CCMNP-S-R3_20250515_100502.wav
CCMNP-S-R3_20250515_101102,/Users/alastairpickering/Desktop/gibbon/present_1/present/CCMNP-S-R3_20250515_101102.wav
CCMNP-S-R3_20250515_101202,/Users/alastairpickering/Desktop/gibbon/present_1/present/CCMNP-S-R3_20250515_101202.wav
CCMNP-S-R3_20250515_101402,/Users/alastairpickering/Desktop/gibbon/present_1/present/CCMNP-S-R3_20250515_101402.wav
CCMNP-S-R3_20250515_102402,/Users/alastairpickering/Desktop/gibbon/present_1/present/CCMNP-S-R3_20250515_102402.wav
CCMNP-S-R3_20250515_102502,/Users/alastairpickering/Desktop/gibbon/present_1/present/CCMNP-S-R3_20250515_102502.wav
CCMNP-S-R3_20250515_102602,/Users/alastairpickering/Desktop/gibbon/present_1/present/CCMNP-S-R3_20250515_102602.wav
CCMNP-S-R3_20250515_102702,/Users/alastairpickering/Desktop/gibbon/present_1/present/CCMNP-S-R3_20250515_102702.wav
CCMNP-S-R3_20250515_102802,/Users/alastairpickering/Desktop/gibbon/present_1/present/CCMNP-S-R3_20250515_102802.wav
CCMNP-S-R3_20250515_102902,/Users/alastairpickering/Desktop/gibbon/present_1/present/CCMNP-S-R3_20250515_102902.wav
CCMNP-S-R3_20250515_103002,/Users/alastairpickering/Desktop/gibbon/present_1/present/CCMNP-S-R3_20250515_103002.wav
CCMNP-S-R3_20250515_103102,/Users/alastairpickering/Desktop/gibbon/present_1/present/CCMNP-S-R3_20250515_103102.wav
CCMNP-S-R3_20250515_103302,/Users/alastairpickering/Desktop/gibbon/present_1/present/CCMNP-S-R3_20250515_103302.wav
CCMNP-S-R3_20250515_103402,/Users/alastairpickering/Desktop/gibbon/present_1/present/CCMNP-S-R3_20250515_103402.wav
CCMNP-S-R3_20250515_103702,/Users/alastairpickering/Desktop/gibbon/present_1/present/CCMNP-S-R3_20250515_103702.wav
CCMNP-S-R3_20250515_105402,/Users/alastairpickering/Desktop/gibbon/present_1/present/CCMNP-S-R3_20250515_105402.wav
CCMNP-S-R3_20250515_113702,/Users/alastairpickering/Desktop/gibbon/present_1/present/CCMNP-S-R3_20250515_113702.wav
CCMNP-S-R3_20250516_021902,/Users/alastairpickering/Desktop/gibbon/present_1/present/CCMNP-S-R3_20250516_021902.wav
CCMNP-S-R5_20250425_175602,/Users/alastairpickering/Desktop/gibbon/present_1/present/CCMNP-S-R5_20250425_175602.wav
CCMNP-S-R5_20250426_055602,/Users/alastairpickering/Desktop/gibbon/present_1/present/CCMNP-S-R5_20250426_055602.wav
CCMNP-S-R5_20250426_060402,/Users/alastairpickering/Desktop/gibbon/present_1/present/CCMNP-S-R5_20250426_060402.wav
CCMNP-S-R5_20250426_060502,/Users/alastairpickering/Desktop/gibbon/present_1/present/CCMNP-S-R5_20250426_060502.wav
CCMNP-S-R5_20250426_061402,/Users/alastairpickering/Desktop/gibbon/present_1/present/CCMNP-S-R5_20250426_061402.wav
CCMNP-S-R5_20250426_061702,/Users/alastairpickering/Desktop/gibbon/present_1/present/CCMNP-S-R5_20250426_061702.wav
CCMNP-S-R5_20250426_061802,/Users/alastairpickering/Desktop/gibbon/present_1/present/CCMNP-S-R5_20250426_061802.wav
CCMNP-S-R5_20250426_062702,/Users/alastairpickering/Desktop/gibbon/present_1/present/CCMNP-S-R5_20250426_062702.wav
CCMNP-S-R5_20250426_062802,/Users/alastairpickering/Desktop/gibbon/present_1/present/CCMNP-S-R5_20250426_062802.wav
CCMNP-S-R5_20250426_063002,/Users/alastairpickering/Desktop/gibbon/present_1/present/CCMNP-S-R5_20250426_063002.wav
CCMNP-S-R5_20250426_063102,/Users/alastairpickering/Desktop/gibbon/present_1/present/CCMNP-S-R5_20250426_063102.wav
CCMNP-S-R5_20250426_063202,/Users/alastairpickering/Desktop/gibbon/present_1/present/CCMNP-S-R5_20250426_063202.wav
CCMNP-S-R5_20250426_063302,/Users/alastairpickering/Desktop/gibbon/present_1/present/CCMNP-S-R5_20250426_063302.wav
CCMNP-S-R5_20250426_063402,/Users/alastairpickering/Desktop/gibbon/present_1/present/CCMNP-S-R5_20250426_063402.wav
CCMNP-S-R5_20250426_063602,/Users/alastairpickering/Desktop/gibbon/present_1/present/CCMNP-S-R5_20250426_063602.wav
CCMNP-S-R5_20250426_063702,/Users/alastairpickering/Desktop/gibbon/present_1/present/CCMNP-S-R5_20250426_063702.wav
CCMNP-S-R5_20250426_063802,/Users/alastairpickering/Desktop/gibbon/present_1/present/CCMNP-S-R5_20250426_063802.wav
CCMNP-S-R5_20250426_064002,/Users/alastairpickering/Desktop/gibbon/present_1/present/CCMNP-S-R5_20250426_064002.wav
CCMNP-S-R5_20250426_064202,/Users/alastairpickering/Desktop/gibbon/present_1/present/CCMNP-S-R5_20250426_064202.wav
CCMNP-S-R5_20250426_064302,/Users/alastairpickering/Desktop/gibbon/present_1/present/CCMNP-S-R5_20250426_064302.wav
CCMNP-S-R5_20250426_064402,/Users/alastairpickering/Desktop/gibbon/present_1/present/CCMNP-S-R5_20250426_064402.wav
CCMNP-S-R5_20250426_064502,/Users/alastairpickering/Desktop/gibbon/present_1/present/CCMNP-S-R5_20250426_064502.wav
CCMNP-S-R5_20250426_064602,/Users/alastairpickering/Desktop/gibbon/present_1/present/CCMNP-S-R5_20250426_064602.wav
CCMNP-S-R5_20250426_064702,/Users/alastairpickering/Desktop/gibbon/present_1/present/CCMNP-S-R5_20250426_064702.wav
CCMNP-S-R5_20250426_064902,/Users/alastairpickering/Desktop/gibbon/present_1/present/CCMNP-S-R5_20250426_064902.wav
CCMNP-S-R5_20250426_065002,/Users/alastairpickering/Desktop/gibbon/present_1/present/CCMNP-S-R5_20250426_065002.wav
CCMNP-S-R5_20250426_065302,/Users/alastairpickering/Desktop/gibbon/present_1/present/CCMNP-S-R5_20250426_065302.wav
CCMNP-S-R5_20250426_065402,/Users/alastairpickering/Desktop/gibbon/present_1/present/CCMNP-S-R5_20250426_065402.wav
CCMNP-S-R5_20250426_065602,/Users/alastairpickering/Desktop/gibbon/present_1/present/CCMNP-S-R5_20250426_065602.wav
CCMNP-S-R5_20250426_071802,/Users/alastairpickering/Desktop/gibbon/present_1/present/CCMNP-S-R5_20250426_071802.wav
CCMNP-S-R5_20250426_071902,/Users/alastairpickering/Desktop/gibbon/present_1/present/CCMNP-S-R5_20250426_071902.wav
CCMNP-S-R5_20250426_072002,/Users/alastairpickering/Desktop/gibbon/present_1/present/CCMNP-S-R5_20250426_072002.wav
CCMNP-S-R5_20250426_072102,/Users/alastairpickering/Desktop/gibbon/present_1/present/CCMNP-S-R5_20250426_072102.wav
CCMNP-S-R5_20250426_072202,/Users/alastairpickering/Desktop/gibbon/present_1/present/CCMNP-S-R5_20250426_072202.wav
CCMNP-S-R5_20250426_075802,/Users/alastairpickering/Desktop/gibbon/present_1/present/CCMNP-S-R5_20250426_075802.wav
CCMNP-S-R5_20250426_080102,/Users/alastairpickering/Desktop/gibbon/present_1/present/CCMNP-S-R5_20250426_080102.wav
CCMNP-S-R5_20250426_080902,/Users/alastairpickering/Desktop/gibbon/present_1/present/CCMNP-S-R5_20250426_080902.wav
CCMNP-S-R5_20250426_081502,/Users/alastairpickering/Desktop/gibbon/present_1/present/CCMNP-S-R5_20250426_081502.wav
CCMNP-S-R5_20250426_083002,/Users/alastairpickering/Desktop/gibbon/present_1/present/CCMNP-S-R5_20250426_083002.wav
CCMNP-S-R5_20250426_083402,/Users/alastairpickering/Desktop/gibbon/present_1/present/CCMNP-S-R5_20250426_083402.wav
CCMNP-S-R5_20250426_085502,/Users/alastairpickering/Desktop/gibbon/present_1/present/CCMNP-S-R5_20250426_085502.wav
CCMNP-S-R5_20250426_094102,/Users/alastairpickering/Desktop/gibbon/present_1/present/CCMNP-S-R5_20250426_094102.wav
CCMNP-S-R5_20250426_094202,/Users/alastairpickering/Desktop/gibbon/present_1/present/CCMNP-S-R5_20250426_094202.wav
CCMNP-S-R5_20250426_094302,/Users/alastairpickering/Desktop/gibbon/present_1/present/CCMNP-S-R5_20250426_094302.wav
CCMNP-S-R5_20250426_094402,/Users/alastairpickering/Desktop/gibbon/present_1/present/CCMNP-S-R5_20250426_094402.wav
CCMNP-S-R5_20250426_094502,/Users/alastairpickering/Desktop/gibbon/present_1/present/CCMNP-S-R5_20250426_094502.wav
CCMNP-S-R5_20250426_094602,/Users/alastairpickering/Desktop/gibbon/present_1/present/CCMNP-S-R5_20250426_094602.wav
CCMNP-S-R5_20250426_094702,/Users/alastairpickering/Desktop/gibbon/present_1/present/CCMNP-S-R5_20250426_094702.wav
CCMNP-S-R5_20250426_094902,/Users/alastairpickering/Desktop/gibbon/present_1/present/CCMNP-S-R5_20250426_094902.wav
CCMNP-S-R5_20250426_095002,/Users/alastairpickering/Desktop/gibbon/present_1/present/CCMNP-S-R5_20250426_095002.wav
CCMNP-S-R5_20250426_095102,/Users/alastairpickering/Desktop/gibbon/present_1/present/CCMNP-S-R5_20250426_095102.wav
CCMNP-S-R5_20250426_095702,/Users/alastairpickering/Desktop/gibbon/present_1/present/CCMNP-S-R5_20250426_095702.wav
CCMNP-S-R5_20250426_095802,/Users/alastairpickering/Desktop/gibbon/present_1/present/CCMNP-S-R5_20250426_095802.wav
CCMNP-S-R5_20250426_095902,/Users/alastairpickering/Desktop/gibbon/present_1/present/CCMNP-S-R5_20250426_095902.wav
CCMNP-S-R5_20250426_100002,/Users/alastairpickering/Desktop/gibbon/present_1/present/CCMNP-S-R5_20250426_100002.wav
CCMNP-S-R5_20250426_100102,/Users/alastairpickering/Desktop/gibbon/present_1/present/CCMNP-S-R5_20250426_100102.wav
CCMNP-S-R5_20250426_100202,/Users/alastairpickering/Desktop/gibbon/present_1/present/CCMNP-S-R5_20250426_100202.wav
CCMNP-S-R5_20250426_100402,/Users/alastairpickering/Desktop/gibbon/present_1/present/CCMNP-S-R5_20250426_100402.wav
CCMNP-S-R5_20250426_100602,/Users/alastairpickering/Desktop/gibbon/present_1/present/CCMNP-S-R5_20250426_100602.wav
CCMNP-S-R5_20250426_100802,/Users/alastairpickering/Desktop/gibbon/present_1/present/CCMNP-S-R5_20250426_100802.wav
CCMNP-S-R5_20250426_100902,/Users/alastairpickering/Desktop/gibbon/present_1/present/CCMNP-S-R5_20250426_100902.wav
CCMNP-S-R5_20250426_101002,/Users/alastairpickering/Desktop/gibbon/present_1/present/CCMNP-S-R5_20250426_101002.wav
CCMNP-S-R5_20250426_101102,/Users/alastairpickering/Desktop/gibbon/present_1/present/CCMNP-S-R5_20250426_101102.wav
CCMNP-S-R5_20250426_101302,/Users/alastairpickering/Desktop/gibbon/present_1/present/CCMNP-S-R5_20250426_101302.wav
CCMNP-S-R5_20250426_101402,/Users/alastairpickering/Desktop/gibbon/present_1/present/CCMNP-S-R5_20250426_101402.wav
CCMNP-S-R5_20250426_101502,/Users/alastairpickering/Desktop/gibbon/present_1/present/CCMNP-S-R5_20250426_101502.wav
CCMNP-S-R5_20250426_101602,/Users/alastairpickering/Desktop/gibbon/present_1/present/CCMNP-S-R5_20250426_101602.wav
CCMNP-S-R5_20250426_101702,/Users/alastairpickering/Desktop/gibbon/present_1/present/CCMNP-S-R5_20250426_101702.wav
CCMNP-S-R5_20250426_101802,/Users/alastairpickering/Desktop/gibbon/present_1/present/CCMNP-S-R5_20250426_101802.wav
CCMNP-S-R5_20250426_101902,/Users/alastairpickering/Desktop/gibbon/present_1/present/CCMNP-S-R5_20250426_101902.wav
CCMNP-S-R5_20250426_102102,/Users/alastairpickering/Desktop/gibbon/present_1/present/CCMNP-S-R5_20250426_102102.wav
CCMNP-S-R5_20250426_102302,/Users/alastairpickering/Desktop/gibbon/present_1/present/CCMNP-S-R5_20250426_102302.wav
CCMNP-S-R5_20250426_102402,/Users/alastairpickering/Desktop/gibbon/present_1/present/CCMNP-S-R5_20250426_102402.wav
CCMNP-S-R5_20250426_102502,/Users/alastairpickering/Desktop/gibbon/present_1/present/CCMNP-S-R5_20250426_102502.wav
CCMNP-S-R5_20250426_102602,/Users/alastairpickering/Desktop/gibbon/present_1/present/CCMNP-S-R5_20250426_102602.wav
CCMNP-S-R5_20250426_102702,/Users/alastairpickering/Desktop/gibbon/present_1/present/CCMNP-S-R5_20250426_102702.wav
CCMNP-S-R5_20250426_102802,/Users/alastairpickering/Desktop/gibbon/present_1/present/CCMNP-S-R5_20250426_102802.wav
CCMNP-S-R5_20250426_103002,/Users/alastairpickering/Desktop/gibbon/present_1/present/CCMNP-S-R5_20250426_103002.wav
CCMNP-S-R5_20250426_103602,/Users/alastairpickering/Desktop/gibbon/present_1/present/CCMNP-S-R5_20250426_103602.wav
CCMNP-S-R5_20250426_112302,/Users/alastairpickering/Desktop/gibbon/present_1/present/CCMNP-S-R5_20250426_112302.wav
CCMNP-S-R5_20250426_112702,/Users/alastairpickering/Desktop/gibbon/present_1/present/CCMNP-S-R5_20250426_112702.wav
CCMNP-S-R5_20250426_112902,/Users/alastairpickering/Desktop/gibbon/present_1/present/CCMNP-S-R5_20250426_112902.wav
CCMNP-S-R5_20250426_113002,/Users/alastairpickering/Desktop/gibbon/present_1/present/CCMNP-S-R5_20250426_113002.wav
CCMNP-S-R5_20250426_113102,/Users/alastairpickering/Desktop/gibbon/present_1/present/CCMNP-S-R5_20250426_113102.wav
CCMNP-S-R5_20250426_113502,/Users/alastairpickering/Desktop/gibbon/present_1/present/CCMNP-S-R5_20250426_113502.wav
CCMNP-S-R5_20250426_114002,/Users/alastairpickering/Desktop/gibbon/present_1/present/CCMNP-S-R5_20250426_114002.wav
CCMNP-S-R5_20250426_114202,/Users/alastairpickering/Desktop/gibbon/present_1/present/CCMNP-S-R5_20250426_114202.wav
CCMNP-S-R5_20250426_115202,/Users/alastairpickering/Desktop/gibbon/present_1/present/CCMNP-S-R5_20250426_115202.wav
CCMNP-S-R5_20250426_115702,/Users/alastairpickering/Desktop/gibbon/present_1/present/CCMNP-S-R5_20250426_115702.wav
CCMNP-S-R5_20250426_120102,/Users/alastairpickering/Desktop/gibbon/present_1/present/CCMNP-S-R5_20250426_120102.wav
CCMNP-S-R5_20250426_120202,/Users/alastairpickering/Desktop/gibbon/present_1/present/CCMNP-S-R5_20250426_120202.wav
CCMNP-S-R5_20250426_120302,/Users/alastairpickering/Desktop/gibbon/present_1/present/CCMNP-S-R5_20250426_120302.wav
CCMNP-S-R5_20250426_120402,/Users/alastairpickering/Desktop/gibbon/present_1/present/CCMNP-S-R5_20250426_120402.wav
CCMNP-S-R5_20250426_120702,/Users/alastairpickering/Desktop/gibbon/present_1/present/CCMNP-S-R5_20250426_120702.wav
CCMNP-S-R5_20250426_120802,/Users/alastairpickering/Desktop/gibbon/present_1/present/CCMNP-S-R5_20250426_120802.wav
CCMNP-S-R5_20250426_121302,/Users/alastairpickering/Desktop/gibbon/present_1/present/CCMNP-S-R5_20250426_121302.wav
CCMNP-S-R5_20250426_121402,/Users/alastairpickering/Desktop/gibbon/present_1/present/CCMNP-S-R5_20250426_121402.wav
CCMNP-S-R5_20250426_121502,/Users/alastairpickering/Desktop/gibbon/present_1/present/CCMNP-S-R5_20250426_121502.wav
CCMNP-S-R5_20250426_122002,/Users/alastairpickering/Desktop/gibbon/present_1/present/CCMNP-S-R5_20250426_122002.wav
CCMNP-S-R5_20250426_122102,/Users/alastairpickering/Desktop/gibbon/present_1/present/CCMNP-S-R5_20250426_122102.wav
CCMNP-S-R5_20250426_122402,/Users/alastairpickering/Desktop/gibbon/present_1/present/CCMNP-S-R5_20250426_122402.wav
CCMNP-S-R5_20250426_122602,/Users/alastairpickering/Desktop/gibbon/present_1/present/CCMNP-S-R5_20250426_122602.wav
CCMNP-S-R5_20250426_122702,/Users/alastairpickering/Desktop/gibbon/present_1/present/CCMNP-S-R5_20250426_122702.wav
CCMNP-S-R5_20250426_122802,/Users/alastairpickering/Desktop/gibbon/present_1/present/CCMNP-S-R5_20250426_122802.wav
CCMNP-S-R5_20250426_123002,/Users/alastairpickering/Desktop/gibbon/present_1/present/CCMNP-S-R5_20250426_123002.wav
CCMNP-S-R5_20250426_124002,/Users/alastairpickering/Desktop/gibbon/present_1/present/CCMNP-S-R5_20250426_124002.wav
CCMNP-S-R5_20250426_124102,/Users/alastairpickering/Desktop/gibbon/present_1/present/CCMNP-S-R5_20250426_124102.wav
CCMNP-S-R5_20250426_175002,/Users/alastairpickering/Desktop/gibbon/present_1/present/CCMNP-S-R5_20250426_175002.wav
CCMNP-S-R5_20250426_175202,/Users/alastairpickering/Desktop/gibbon/present_1/present/CCMNP-S-R5_20250426_175202.wav
CCMNP-S-R5_20250426_175502,/Users/alastairpickering/Desktop/gibbon/present_1/present/CCMNP-S-R5_20250426_175502.wav
CCMNP-S-R5_20250426_175702,/Users/alastairpickering/Desktop/gibbon/present_1/present/CCMNP-S-R5_20250426_175702.wav
CCMNP-S-R5_20250427_050702,/Users/alastairpickering/Desktop/gibbon/present_1/present/CCMNP-S-R5_20250427_050702.wav
CCMNP-S-R5_20250427_050802,/Users/alastairpickering/Desktop/gibbon/present_1/present/CCMNP-S-R5_20250427_050802.wav
CCMNP-S-R5_20250427_050902,/Users/alastairpickering/Desktop/gibbon/present_1/present/CCMNP-S-R5_20250427_050902.wav
CCMNP-S-R5_20250427_051002,/Users/alastairpickering/Desktop/gibbon/present_1/present/CCMNP-S-R5_20250427_051002.wav
CCMNP-S-R5_20250427_051102,/Users/alastairpickering/Desktop/gibbon/present_1/present/CCMNP-S-R5_20250427_051102.wav
CCMNP-S-R5_20250427_051202,/Users/alastairpickering/Desktop/gibbon/present_1/present/CCMNP-S-R5_20250427_051202.wav
CCMNP-S-R5_20250427_051302,/Users/alastairpickering/Desktop/gibbon/present_1/present/CCMNP-S-R5_20250427_051302.wav
CCMNP-S-R5_20250427_051402,/Users/alastairpickering/Desktop/gibbon/present_1/present/CCMNP-S-R5_20250427_051402.wav
CCMNP-S-R5_20250427_051502,/Users/alastairpickering/Desktop/gibbon/present_1/present/CCMNP-S-R5_20250427_051502.wav
CCMNP-S-R5_20250427_051602,/Users/alastairpickering/Desktop/gibbon/present_1/present/CCMNP-S-R5_20250427_051602.wav
CCMNP-S-R5_20250427_051702,/Users/alastairpickering/Desktop/gibbon/present_1/present/CCMNP-S-R5_20250427_051702.wav
CCMNP-S-R5_20250427_051802,/Users/alastairpickering/Desktop/gibbon/present_1/present/CCMNP-S-R5_20250427_051802.wav
CCMNP-S-R5_20250427_051902,/Users/alastairpickering/Desktop/gibbon/present_1/present/CCMNP-S-R5_20250427_051902.wav
CCMNP-S-R5_20250427_052002,/Users/alastairpickering/Desktop/gibbon/present_1/present/CCMNP-S-R5_20250427_052002.wav
CCMNP-S-R5_20250427_052102,/Users/alastairpickering/Desktop/gibbon/present_1/present/CCMNP-S-R5_20250427_052102.wav
CCMNP-S-R5_20250427_052202,/Users/alastairpickering/Desktop/gibbon/present_1/present/CCMNP-S-R5_20250427_052202.wav
CCMNP-S-R5_20250427_052302,/Users/alastairpickering/Desktop/gibbon/present_1/present/CCMNP-S-R5_20250427_052302.wav
CCMNP-S-R5_20250427_052402,/Users/alastairpickering/Desktop/gibbon/present_1/present/CCMNP-S-R5_20250427_052402.wav
CCMNP-S-R5_20250427_052502,/Users/alastairpickering/Desktop/gibbon/present_1/present/CCMNP-S-R5_20250427_052502.wav
CCMNP-S-R5_20250427_052602,/Users/alastairpickering/Desktop/gibbon/present_1/present/CCMNP-S-R5_20250427_052602.wav
CCMNP-S-R5_20250427_052702,/Users/alastairpickering/Desktop/gibbon/present_1/present/CCMNP-S-R5_20250427_052702.wav
CCMNP-S-R5_20250427_052802,/Users/alastairpickering/Desktop/gibbon/present_1/present/CCMNP-S-R5_20250427_052802.wav
CCMNP-S-R5_20250427_052902,/Users/alastairpickering/Desktop/gibbon/present_1/present/CCMNP-S-R5_20250427_052902.wav
CCMNP-S-R5_20250427_053002,/Users/alastairpickering/Desktop/gibbon/present_1/present/CCMNP-S-R5_20250427_053002.wav
CCMNP-S-R5_20250427_053102,/Users/alastairpickering/Desktop/gibbon/present_1/present/CCMNP-S-R5_20250427_053102.wav
CCMNP-S-R5_20250427_053202,/Users/alastairpickering/Desktop/gibbon/present_1/present/CCMNP-S-R5_20250427_053202.wav
CCMNP-S-R5_20250427_053302,/Users/alastairpickering/Desktop/gibbon/present_1/present/CCMNP-S-R5_20250427_053302.wav
CCMNP-S-R5_20250427_053402,/Users/alastairpickering/Desktop/gibbon/present_1/present/CCMNP-S-R5_20250427_053402.wav
CCMNP-S-R5_20250427_053502,/Users/alastairpickering/Desktop/gibbon/present_1/present/CCMNP-S-R5_20250427_053502.wav
CCMNP-S-R5_20250427_053602,/Users/alastairpickering/Desktop/gibbon/present_1/present/CCMNP-S-R5_20250427_053602.wav
CCMNP-S-R5_20250427_053702,/Users/alastairpickering/Desktop/gibbon/present_1/present/CCMNP-S-R5_20250427_053702.wav
CCMNP-S-R5_20250427_053802,/Users/alastairpickering/Desktop/gibbon/present_1/present/CCMNP-S-R5_20250427_053802.wav
CCMNP-S-R5_20250427_053902,/Users/alastairpickering/Desktop/gibbon/present_1/present/CCMNP-S-R5_20250427_053902.wav
CCMNP-S-R5_20250427_054002,/Users/alastairpickering/Desktop/gibbon/present_1/present/CCMNP-S-R5_20250427_054002.wav
CCMNP-S-R5_20250427_054102,/Users/alastairpickering/Desktop/gibbon/present_1/present/CCMNP-S-R5_20250427_054102.wav
CCMNP-S-R5_20250427_054202,/Users/alastairpickering/Desktop/gibbon/present_1/present/CCMNP-S-R5_20250427_054202.wav
CCMNP-S-R5_20250427_054302,/Users/alastairpickering/Desktop/gibbon/present_1/present/CCMNP-S-R5_20250427_054302.wav
CCMNP-S-R5_20250427_054402,/Users/alastairpickering/Desktop/gibbon/present_1/present/CCMNP-S-R5_20250427_054402.wav
CCMNP-S-R5_20250427_054502,/Users/alastairpickering/Desktop/gibbon/present_1/present/CCMNP-S-R5_20250427_054502.wav
CCMNP-S-R5_20250427_054602,/Users/alastairpickering/Desktop/gibbon/present_1/present/CCMNP-S-R5_20250427_054602.wav
CCMNP-S-R5_20250427_054702,/Users/alastairpickering/Desktop/gibbon/present_1/present/CCMNP-S-R5_20250427_054702.wav
CCMNP-S-R5_20250427_054802,/Users/alastairpickering/Desktop/gibbon/present_1/present/CCMNP-S-R5_20250427_054802.wav
CCMNP-S-R5_20250427_054902,/Users/alastairpickering/Desktop/gibbon/present_1/present/CCMNP-S-R5_20250427_054902.wav
CCMNP-S-R5_20250427_055002,/Users/alastairpickering/Desktop/gibbon/present_1/present/CCMNP-S-R5_20250427_055002.wav
CCMNP-S-R5_20250427_055102,/Users/alastairpickering/Desktop/gibbon/present_1/present/CCMNP-S-R5_20250427_055102.wav
CCMNP-S-R5_20250427_055402,/Users/alastairpickering/Desktop/gibbon/present_1/present/CCMNP-S-R5_20250427_055402.wav
CCMNP-S-R5_20250427_055602,/Users/alastairpickering/Desktop/gibbon/present_1/present/CCMNP-S-R5_20250427_055602.wav
CCMNP-S-R5_20250427_055702,/Users/alastairpickering/Desktop/gibbon/present_1/present/CCMNP-S-R5_20250427_055702.wav
CCMNP-S-R5_20250427_055902,/Users/alastairpickering/Desktop/gibbon/present_1/present/CCMNP-S-R5_20250427_055902.wav
CCMNP-S-R5_20250427_060102,/Users/alastairpickering/Desktop/gibbon/present_1/present/CCMNP-S-R5_20250427_060102.wav
CCMNP-S-R5_20250427_060802,/Users/alastairpickering/Desktop/gibbon/present_1/present/CCMNP-S-R5_20250427_060802.wav
CCMNP-S-R5_20250427_061002,/Users/alastairpickering/Desktop/gibbon/present_1/present/CCMNP-S-R5_20250427_061002.wav
CCMNP-S-R5_20250427_061302,/Users/alastairpickering/Desktop/gibbon/present_1/present/CCMNP-S-R5_20250427_061302.wav
CCMNP-S-R5_20250427_061502,/Users/alastairpickering/Desktop/gibbon/present_1/present/CCMNP-S-R5_20250427_061502.wav
CCMNP-S-R5_20250427_061702,/Users/alastairpickering/Desktop/gibbon/present_1/present/CCMNP-S-R5_20250427_061702.wav
CCMNP-S-R5_20250427_061802,/Users/alastairpickering/Desktop/gibbon/present_1/present/CCMNP-S-R5_20250427_061802.wav
CCMNP-S-R5_20250427_061902,/Users/alastairpickering/Desktop/gibbon/present_1/present/CCMNP-S-R5_20250427_061902.wav
CCMNP-S-R5_20250427_062002,/Users/alastairpickering/Desktop/gibbon/present_1/present/CCMNP-S-R5_20250427_062002.wav
CCMNP-S-R5_20250427_062102,/Users/alastairpickering/Desktop/gibbon/present_1/present/CCMNP-S-R5_20250427_062102.wav
CCMNP-S-R5_20250427_062202,/Users/alastairpickering/Desktop/gibbon/present_1/present/CCMNP-S-R5_20250427_062202.wav
CCMNP-S-R5_20250427_062302,/Users/alastairpickering/Desktop/gibbon/present_1/present/CCMNP-S-R5_20250427_062302.wav
CCMNP-S-R5_20250427_062402,/Users/alastairpickering/Desktop/gibbon/present_1/present/CCMNP-S-R5_20250427_062402.wav
CCMNP-S-R5_20250427_062502,/Users/alastairpickering/Desktop/gibbon/present_1/present/CCMNP-S-R5_20250427_062502.wav
CCMNP-S-R5_20250427_062602,/Users/alastairpickering/Desktop/gibbon/present_1/present/CCMNP-S-R5_20250427_062602.wav
CCMNP-S-R5_20250427_062702,/Users/alastairpickering/Desktop/gibbon/present_1/present/CCMNP-S-R5_20250427_062702.wav
CCMNP-S-R5_20250427_062802,/Users/alastairpickering/Desktop/gibbon/present_1/present/CCMNP-S-R5_20250427_062802.wav
CCMNP-S-R5_20250427_062902,/Users/alastairpickering/Desktop/gibbon/present_1/present/CCMNP-S-R5_20250427_062902.wav
CCMNP-S-R5_20250427_063002,/Users/alastairpickering/Desktop/gibbon/present_1/present/CCMNP-S-R5_20250427_063002.wav
CCMNP-S-R5_20250427_063102,/Users/alastairpickering/Desktop/gibbon/present_1/present/CCMNP-S-R5_20250427_063102.wav
CCMNP-S-R5_20250427_063202,/Users/alastairpickering/Desktop/gibbon/present_1/present/CCMNP-S-R5_20250427_063202.wav
CCMNP-S-R5_20250427_063302,/Users/alastairpickering/Desktop/gibbon/present_1/present/CCMNP-S-R5_20250427_063302.wav
CCMNP-S-R5_20250427_063402,/Users/alastairpickering/Desktop/gibbon/present_1/present/CCMNP-S-R5_20250427_063402.wav
CCMNP-S-R5_20250427_063502,/Users/alastairpickering/Desktop/gibbon/present_1/present/CCMNP-S-R5_20250427_063502.wav
CCMNP-S-R5_20250427_063602,/Users/alastairpickering/Desktop/gibbon/present_1/present/CCMNP-S-R5_20250427_063602.wav
CCMNP-S-R5_20250427_063702,/Users/alastairpickering/Desktop/gibbon/present_1/present/CCMNP-S-R5_20250427_063702.wav
CCMNP-S-R5_20250427_063802,/Users/alastairpickering/Desktop/gibbon/present_1/present/CCMNP-S-R5_20250427_063802.wav
CCMNP-S-R5_20250427_063902,/Users/alastairpickering/Desktop/gibbon/present_1/present/CCMNP-S-R5_20250427_063902.wav
CCMNP-S-R5_20250427_064002,/Users/alastairpickering/Desktop/gibbon/present_1/present/CCMNP-S-R5_20250427_064002.wav
CCMNP-S-R5_20250427_064202,/Users/alastairpickering/Desktop/gibbon/present_1/present/CCMNP-S-R5_20250427_064202.wav
CCMNP-S-R5_20250427_064302,/Users/alastairpickering/Desktop/gibbon/present_1/present/CCMNP-S-R5_20250427_064302.wav
CCMNP-S-R5_20250427_064402,/Users/alastairpickering/Desktop/gibbon/present_1/present/CCMNP-S-R5_20250427_064402.wav
CCMNP-S-R5_20250427_064602,/Users/alastairpickering/Desktop/gibbon/present_1/present/CCMNP-S-R5_20250427_064602.wav
CCMNP-S-R5_20250427_064902,/Users/alastairpickering/Desktop/gibbon/present_1/present/CCMNP-S-R5_20250427_064902.wav
CCMNP-S-R5_20250427_065002,/Users/alastairpickering/Desktop/gibbon/present_1/present/CCMNP-S-R5_20250427_065002.wav
CCMNP-S-R5_20250427_065102,/Users/alastairpickering/Desktop/gibbon/present_1/present/CCMNP-S-R5_20250427_065102.wav
CCMNP-S-R5_20250427_065202,/Users/alastairpickering/Desktop/gibbon/present_1/present/CCMNP-S-R5_20250427_065202.wav
CCMNP-S-R5_20250427_065302,/Users/alastairpickering/Desktop/gibbon/present_1/present/CCMNP-S-R5_20250427_065302.wav
CCMNP-S-R5_20250427_065402,/Users/alastairpickering/Desktop/gibbon/present_1/present/CCMNP-S-R5_20250427_065402.wav
CCMNP-S-R5_20250427_065502,/Users/alastairpickering/Desktop/gibbon/present_1/present/CCMNP-S-R5_20250427_065502.wav
CCMNP-S-R5_20250427_065602,/Users/alastairpickering/Desktop/gibbon/present_1/present/CCMNP-S-R5_20250427_065602.wav
CCMNP-S-R5_20250427_065702,/Users/alastairpickering/Desktop/gibbon/present_1/present/CCMNP-S-R5_20250427_065702.wav
CCMNP-S-R5_20250427_065802,/Users/alastairpickering/Desktop/gibbon/present_1/present/CCMNP-S-R5_20250427_065802.wav
CCMNP-S-R5_20250427_065902,/Users/alastairpickering/Desktop/gibbon/present_1/present/CCMNP-S-R5_20250427_065902.wav
CCMNP-S-R5_20250427_070002,/Users/alastairpickering/Desktop/gibbon/present_1/present/CCMNP-S-R5_20250427_070002.wav
CCMNP-S-R5_20250427_070102,/Users/alastairpickering/Desktop/gibbon/present_1/present/CCMNP-S-R5_20250427_070102.wav
CCMNP-S-R5_20250427_070202,/Users/alastairpickering/Desktop/gibbon/present_1/present/CCMNP-S-R5_20250427_070202.wav
CCMNP-S-R5_20250427_070302,/Users/alastairpickering/Desktop/gibbon/present_1/present/CCMNP-S-R5_20250427_070302.wav
CCMNP-S-R5_20250427_070402,/Users/alastairpickering/Desktop/gibbon/present_1/present/CCMNP-S-R5_20250427_070402.wav
CCMNP-S-R5_20250427_070502,/Users/alastairpickering/Desktop/gibbon/present_1/present/CCMNP-S-R5_20250427_070502.wav
CCMNP-S-R5_20250427_070602,/Users/alastairpickering/Desktop/gibbon/present_1/present/CCMNP-S-R5_20250427_070602.wav
CCMNP-S-R5_20250427_070702,/Users/alastairpickering/Desktop/gibbon/present_1/present/CCMNP-S-R5_20250427_070702.wav
CCMNP-S-R5_20250427_070802,/Users/alastairpickering/Desktop/gibbon/present_1/present/CCMNP-S-R5_20250427_070802.wav
CCMNP-S-R5_20250427_070902,/Users/alastairpickering/Desktop/gibbon/present_1/present/CCMNP-S-R5_20250427_070902.wav
CCMNP-S-R5_20250427_071002,/Users/alastairpickering/Desktop/gibbon/present_1/present/CCMNP-S-R5_20250427_071002.wav
CCMNP-S-R5_20250427_071102,/Users/alastairpickering/Desktop/gibbon/present_1/present/CCMNP-S-R5_20250427_071102.wav
CCMNP-S-R5_20250427_071202,/Users/alastairpickering/Desktop/gibbon/present_1/present/CCMNP-S-R5_20250427_071202.wav
CCMNP-S-R5_20250427_071302,/Users/alastairpickering/Desktop/gibbon/present_1/present/CCMNP-S-R5_20250427_071302.wav
CCMNP-S-R5_20250427_071402,/Users/alastairpickering/Desktop/gibbon/present_1/present/CCMNP-S-R5_20250427_071402.wav
CCMNP-S-R5_20250427_072502,/Users/alastairpickering/Desktop/gibbon/present_1/present/CCMNP-S-R5_20250427_072502.wav
CCMNP-S-R5_20250427_072602,/Users/alastairpickering/Desktop/gibbon/present_1/present/CCMNP-S-R5_20250427_072602.wav
CCMNP-S-R5_20250427_072702,/Users/alastairpickering/Desktop/gibbon/present_1/present/CCMNP-S-R5_20250427_072702.wav
CCMNP-S-R5_20250427_072802,/Users/alastairpickering/Desktop/gibbon/present_1/present/CCMNP-S-R5_20250427_072802.wav
CCMNP-S-R5_20250427_072902,/Users/alastairpickering/Desktop/gibbon/present_1/present/CCMNP-S-R5_20250427_072902.wav
CCMNP-S-R5_20250427_073002,/Users/alastairpickering/Desktop/gibbon/present_1/present/CCMNP-S-R5_20250427_073002.wav
CCMNP-S-R5_20250427_073102,/Users/alastairpickering/Desktop/gibbon/present_1/present/CCMNP-S-R5_20250427_073102.wav
CCMNP-S-R5_20250427_073502,/Users/alastairpickering/Desktop/gibbon/present_1/present/CCMNP-S-R5_20250427_073502.wav
CCMNP-S-R5_20250427_073702,/Users/alastairpickering/Desktop/gibbon/present_1/present/CCMNP-S-R5_20250427_073702.wav
CCMNP-S-R5_20250427_074302,/Users/alastairpickering/Desktop/gibbon/present_1/present/CCMNP-S-R5_20250427_074302.wav
CCMNP-S-R5_20250427_074402,/Users/alastairpickering/Desktop/gibbon/present_1/present/CCMNP-S-R5_20250427_074402.wav
CCMNP-S-R5_20250427_074502,/Users/alastairpickering/Desktop/gibbon/present_1/present/CCMNP-S-R5_20250427_074502.wav
CCMNP-S-R5_20250427_080802,/Users/alastairpickering/Desktop/gibbon/present_1/present/CCMNP-S-R5_20250427_080802.wav
CCMNP-S-R5_20250427_080902,/Users/alastairpickering/Desktop/gibbon/present_1/present/CCMNP-S-R5_20250427_080902.wav
CCMNP-S-R5_20250427_081202,/Users/alastairpickering/Desktop/gibbon/present_1/present/CCMNP-S-R5_20250427_081202.wav
CCMNP-S-R5_20250427_081402,/Users/alastairpickering/Desktop/gibbon/present_1/present/CCMNP-S-R5_20250427_081402.wav
CCMNP-S-R5_20250427_081502,/Users/alastairpickering/Desktop/gibbon/present_1/present/CCMNP-S-R5_20250427_081502.wav
CCMNP-S-R5_20250427_083702,/Users/alastairpickering/Desktop/gibbon/present_1/present/CCMNP-S-R5_20250427_083702.wav
CCMNP-S-R5_20250427_083802,/Users/alastairpickering/Desktop/gibbon/present_1/present/CCMNP-S-R5_20250427_083802.wav
CCMNP-S-R5_20250427_084102,/Users/alastairpickering/Desktop/gibbon/present_1/present/CCMNP-S-R5_20250427_084102.wav
CCMNP-S-R5_20250427_084202,/Users/alastairpickering/Desktop/gibbon/present_1/present/CCMNP-S-R5_20250427_084202.wav
CCMNP-S-R5_20250427_085202,/Users/alastairpickering/Desktop/gibbon/present_1/present/CCMNP-S-R5_20250427_085202.wav
CCMNP-S-R5_20250427_085702,/Users/alastairpickering/Desktop/gibbon/present_1/present/CCMNP-S-R5_20250427_085702.wav
CCMNP-S-R5_20250427_090002,/Users/alastairpickering/Desktop/gibbon/present_1/present/CCMNP-S-R5_20250427_090002.wav
CCMNP-S-R5_20250427_090102,/Users/alastairpickering/Desktop/gibbon/present_1/present/CCMNP-S-R5_20250427_090102.wav
CCMNP-S-R5_20250427_090202,/Users/alastairpickering/Desktop/gibbon/present_1/present/CCMNP-S-R5_20250427_090202.wav
CCMNP-S-R5_20250427_090302,/Users/alastairpickering/Desktop/gibbon/present_1/present/CCMNP-S-R5_20250427_090302.wav
CCMNP-S-R5_20250427_090402,/Users/alastairpickering/Desktop/gibbon/present_1/present/CCMNP-S-R5_20250427_090402.wav
CCMNP-S-R5_20250427_090502,/Users/alastairpickering/Desktop/gibbon/present_1/present/CCMNP-S-R5_20250427_090502.wav
CCMNP-S-R5_20250427_090802,/Users/alastairpickering/Desktop/gibbon/present_1/present/CCMNP-S-R5_20250427_090802.wav
CCMNP-S-R5_20250427_090902,/Users/alastairpickering/Desktop/gibbon/present_1/present/CCMNP-S-R5_20250427_090902.wav
CCMNP-S-R5_20250427_092902,/Users/alastairpickering/Desktop/gibbon/present_1/present/CCMNP-S-R5_20250427_092902.wav
CCMNP-S-R5_20250427_093002,/Users/alastairpickering/Desktop/gibbon/present_1/present/CCMNP-S-R5_20250427_093002.wav
CCMNP-S-R5_20250427_094702,/Users/alastairpickering/Desktop/gibbon/present_1/present/CCMNP-S-R5_20250427_094702.wav
CCMNP-S-R5_20250427_094802,/Users/alastairpickering/Desktop/gibbon/present_1/present/CCMNP-S-R5_20250427_094802.wav
CCMNP-S-R5_20250427_094902,/Users/alastairpickering/Desktop/gibbon/present_1/present/CCMNP-S-R5_20250427_094902.wav
CCMNP-S-R5_20250427_095002,/Users/alastairpickering/Desktop/gibbon/present_1/present/CCMNP-S-R5_20250427_095002.wav
CCMNP-S-R5_20250427_095102,/Users/alastairpickering/Desktop/gibbon/present_1/present/CCMNP-S-R5_20250427_095102.wav
CCMNP-S-R5_20250427_095202,/Users/alastairpickering/Desktop/gibbon/present_1/present/CCMNP-S-R5_20250427_095202.wav
CCMNP-S-R5_20250427_095302,/Users/alastairpickering/Desktop/gibbon/present_1/present/CCMNP-S-R5_20250427_095302.wav
CCMNP-S-R5_20250427_095402,/Users/alastairpickering/Desktop/gibbon/present_1/present/CCMNP-S-R5_20250427_095402.wav
CCMNP-S-R5_20250427_095502,/Users/alastairpickering/Desktop/gibbon/present_1/present/CCMNP-S-R5_20250427_095502.wav
CCMNP-S-R5_20250427_095602,/Users/alastairpickering/Desktop/gibbon/present_1/present/CCMNP-S-R5_20250427_095602.wav
CCMNP-S-R5_20250427_095702,/Users/alastairpickering/Desktop/gibbon/present_1/present/CCMNP-S-R5_20250427_095702.wav
CCMNP-S-R5_20250427_095802,/Users/alastairpickering/Desktop/gibbon/present_1/present/CCMNP-S-R5_20250427_095802.wav
CCMNP-S-R5_20250427_095902,/Users/alastairpickering/Desktop/gibbon/present_1/present/CCMNP-S-R5_20250427_095902.wav
CCMNP-S-R5_20250427_100102,/Users/alastairpickering/Desktop/gibbon/present_1/present/CCMNP-S-R5_20250427_100102.wav
CCMNP-S-R5_20250427_100202,/Users/alastairpickering/Desktop/gibbon/present_1/present/CCMNP-S-R5_20250427_100202.wav
CCMNP-S-R7_20250425_112602,/Users/alastairpickering/Desktop/gibbon/present_1/present/CCMNP-S-R7_20250425_112602.wav
CCMNP-S-R7_20250425_113002,/Users/alastairpickering/Desktop/gibbon/present_1/present/CCMNP-S-R7_20250425_113002.wav
CCMNP-S-R7_20250425_114202,/Users/alastairpickering/Desktop/gibbon/present_1/present/CCMNP-S-R7_20250425_114202.wav
CCMNP-S-R7_20250425_115602,/Users/alastairpickering/Desktop/gibbon/present_1/present/CCMNP-S-R7_20250425_115602.wav
CCMNP-S-R7_20250425_121702,/Users/alastairpickering/Desktop/gibbon/present_1/present/CCMNP-S-R7_20250425_121702.wav
CCMNP-S-R7_20250425_130202,/Users/alastairpickering/Desktop/gibbon/present_1/present/CCMNP-S-R7_20250425_130202.wav
CCMNP-S-R7_20250425_133002,/Users/alastairpickering/Desktop/gibbon/present_1/present/CCMNP-S-R7_20250425_133002.wav
CCMNP-S-R7_20250426_055502,/Users/alastairpickering/Desktop/gibbon/present_1/present/CCMNP-S-R7_20250426_055502.wav
CCMNP-S-R7_20250426_055602,/Users/alastairpickering/Desktop/gibbon/present_1/present/CCMNP-S-R7_20250426_055602.wav
CCMNP-S-R7_20250426_055902,/Users/alastairpickering/Desktop/gibbon/present_1/present/CCMNP-S-R7_20250426_055902.wav
CCMNP-S-R7_20250426_060302,/Users/alastairpickering/Desktop/gibbon/present_1/present/CCMNP-S-R7_20250426_060302.wav
CCMNP-S-R7_20250426_060502,/Users/alastairpickering/Desktop/gibbon/present_1/present/CCMNP-S-R7_20250426_060502.wav
CCMNP-S-R7_20250426_060602,/Users/alastairpickering/Desktop/gibbon/present_1/present/CCMNP-S-R7_20250426_060602.wav
CCMNP-S-R7_20250426_060702,/Users/alastairpickering/Desktop/gibbon/present_1/present/CCMNP-S-R7_20250426_060702.wav
CCMNP-S-R7_20250426_064502,/Users/alastairpickering/Desktop/gibbon/present_1/present/CCMNP-S-R7_20250426_064502.wav
CCMNP-S-R7_20250426_064702,/Users/alastairpickering/Desktop/gibbon/present_1/present/CCMNP-S-R7_20250426_064702.wav
CCMNP-S-R7_20250426_064902,/Users/alastairpickering/Desktop/gibbon/present_1/present/CCMNP-S-R7_20250426_064902.wav
CCMNP-S-R7_20250426_065002,/Users/alastairpickering/Desktop/gibbon/present_1/present/CCMNP-S-R7_20250426_065002.wav
CCMNP-S-R7_20250426_070002,/Users/alastairpickering/Desktop/gibbon/present_1/present/CCMNP-S-R7_20250426_070002.wav
CCMNP-S-R7_20250426_070102,/Users/alastairpickering/Desktop/gibbon/present_1/present/CCMNP-S-R7_20250426_070102.wav
CCMNP-S-R7_20250426_071102,/Users/alastairpickering/Desktop/gibbon/present_1/present/CCMNP-S-R7_20250426_071102.wav
CCMNP-S-R7_20250426_072802,/Users/alastairpickering/Desktop/gibbon/present_1/present/CCMNP-S-R7_20250426_072802.wav
CCMNP-S-R7_20250426_073902,/Users/alastairpickering/Desktop/gibbon/present_1/present/CCMNP-S-R7_20250426_073902.wav
CCMNP-S-R7_20250426_074002,/Users/alastairpickering/Desktop/gibbon/present_1/present/CCMNP-S-R7_20250426_074002.wav
CCMNP-S-R7_20250426_082002,/Users/alastairpickering/Desktop/gibbon/present_1/present/CCMNP-S-R7_20250426_082002.wav
CCMNP-S-R7_20250426_082102,/Users/alastairpickering/Desktop/gibbon/present_1/present/CCMNP-S-R7_20250426_082102.wav
CCMNP-S-R7_20250426_082402,/Users/alastairpickering/Desktop/gibbon/present_1/present/CCMNP-S-R7_20250426_082402.wav
CCMNP-S-R7_20250426_083402,/Users/alastairpickering/Desktop/gibbon/present_1/present/CCMNP-S-R7_20250426_083402.wav
CCMNP-S-R7_20250426_085002,/Users/alastairpickering/Desktop/gibbon/present_1/present/CCMNP-S-R7_20250426_085002.wav
CCMNP-S-R7_20250426_093102,/Users/alastairpickering/Desktop/gibbon/present_1/present/CCMNP-S-R7_20250426_093102.wav
CCMNP-S-R7_20250426_093402,/Users/alastairpickering/Desktop/gibbon/present_1/present/CCMNP-S-R7_20250426_093402.wav
CCMNP-S-R7_20250426_093502,/Users/alastairpickering/Desktop/gibbon/present_1/present/CCMNP-S-R7_20250426_093502.wav
CCMNP-S-R7_20250426_102402,/Users/alastairpickering/Desktop/gibbon/present_1/present/CCMNP-S-R7_20250426_102402.wav
CCMNP-S-R7_20250426_102502,/Users/alastairpickering/Desktop/gibbon/present_1/present/CCMNP-S-R7_20250426_102502.wav
CCMNP-S-R7_20250426_102702,/Users/alastairpickering/Desktop/gibbon/present_1/present/CCMNP-S-R7_20250426_102702.wav
CCMNP-S-R7_20250426_102802,/Users/alastairpickering/Desktop/gibbon/present_1/present/CCMNP-S-R7_20250426_102802.wav
CCMNP-S-R7_20250426_103002,/Users/alastairpickering/Desktop/gibbon/present_1/present/CCMNP-S-R7_20250426_103002.wav
CCMNP-S-R7_20250426_103102,/Users/alastairpickering/Desktop/gibbon/present_1/present/CCMNP-S-R7_20250426_103102.wav
CCMNP-S-R7_20250426_103202,/Users/alastairpickering/Desktop/gibbon/present_1/present/CCMNP-S-R7_20250426_103202.wav
CCMNP-S-R7_20250426_103302,/Users/alastairpickering/Desktop/gibbon/present_1/present/CCMNP-S-R7_20250426_103302.wav
CCMNP-S-R7_20250426_103402,/Users/alastairpickering/Desktop/gibbon/present_1/present/CCMNP-S-R7_20250426_103402.wav
CCMNP-S-R7_20250426_103502,/Users/alastairpickering/Desktop/gibbon/present_1/present/CCMNP-S-R7_20250426_103502.wav
CCMNP-S-R7_20250426_103602,/Users/alastairpickering/Desktop/gibbon/present_1/present/CCMNP-S-R7_20250426_103602.wav
CCMNP-S-R7_20250426_103702,/Users/alastairpickering/Desktop/gibbon/present_1/present/CCMNP-S-R7_20250426_103702.wav
CCMNP-S-R7_20250426_103802,/Users/alastairpickering/Desktop/gibbon/present_1/present/CCMNP-S-R7_20250426_103802.wav
CCMNP-S-R7_20250426_103902,/Users/alastairpickering/Desktop/gibbon/present_1/present/CCMNP-S-R7_20250426_103902.wav
CCMNP-S-R7_20250426_104002,/Users/alastairpickering/Desktop/gibbon/present_1/present/CCMNP-S-R7_20250426_104002.wav
CCMNP-S-R7_20250426_104102,/Users/alastairpickering/Desktop/gibbon/present_1/present/CCMNP-S-R7_20250426_104102.wav
CCMNP-S-R7_20250426_104202,/Users/alastairpickering/Desktop/gibbon/present_1/present/CCMNP-S-R7_20250426_104202.wav
CCMNP-S-R7_20250426_110702,/Users/alastairpickering/Desktop/gibbon/present_1/present/CCMNP-S-R7_20250426_110702.wav
CCMNP-S-R7_20250426_113402,/Users/alastairpickering/Desktop/gibbon/present_1/present/CCMNP-S-R7_20250426_113402.wav
CCMNP-S-R7_20250426_113502,/Users/alastairpickering/Desktop/gibbon/present_1/present/CCMNP-S-R7_20250426_113502.wav
CCMNP-S-R7_20250426_113602,/Users/alastairpickering/Desktop/gibbon/present_1/present/CCMNP-S-R7_20250426_113602.wav
CCMNP-S-R7_20250426_113702,/Users/alastairpickering/Desktop/gibbon/present_1/present/CCMNP-S-R7_20250426_113702.wav
CCMNP-S-R7_20250426_113802,/Users/alastairpickering/Desktop/gibbon/present_1/present/CCMNP-S-R7_20250426_113802.wav
CCMNP-S-R7_20250426_113902,/Users/alastairpickering/Desktop/gibbon/present_1/present/CCMNP-S-R7_20250426_113902.wav
CCMNP-S-R7_20250426_114002,/Users/alastairpickering/Desktop/gibbon/present_1/present/CCMNP-S-R7_20250426_114002.wav
CCMNP-S-R7_20250426_114102,/Users/alastairpickering/Desktop/gibbon/present_1/present/CCMNP-S-R7_20250426_114102.wav
CCMNP-S-R7_20250426_114202,/Users/alastairpickering/Desktop/gibbon/present_1/present/CCMNP-S-R7_20250426_114202.wav
CCMNP-S-R7_20250426_114302,/Users/alastairpickering/Desktop/gibbon/present_1/present/CCMNP-S-R7_20250426_114302.wav
CCMNP-S-R7_20250426_114402,/Users/alastairpickering/Desktop/gibbon/present_1/present/CCMNP-S-R7_20250426_114402.wav
CCMNP-S-R7_20250426_114502,/Users/alastairpickering/Desktop/gibbon/present_1/present/CCMNP-S-R7_20250426_114502.wav
CCMNP-S-R7_20250426_114702,/Users/alastairpickering/Desktop/gibbon/present_1/present/CCMNP-S-R7_20250426_114702.wav
CCMNP-S-R7_20250426_114802,/Users/alastairpickering/Desktop/gibbon/present_1/present/CCMNP-S-R7_20250426_114802.wav
CCMNP-S-R7_20250426_114902,/Users/alastairpickering/Desktop/gibbon/present_1/present/CCMNP-S-R7_20250426_114902.wav
CCMNP-S-R7_20250426_115002,/Users/alastairpickering/Desktop/gibbon/present_1/present/CCMNP-S-R7_20250426_115002.wav
CCMNP-S-R7_20250426_115102,/Users/alastairpickering/Desktop/gibbon/present_1/present/CCMNP-S-R7_20250426_115102.wav
CCMNP-S-R7_20250426_115202,/Users/alastairpickering/Desktop/gibbon/present_1/present/CCMNP-S-R7_20250426_115202.wav
CCMNP-S-R7_20250426_115502,/Users/alastairpickering/Desktop/gibbon/present_1/present/CCMNP-S-R7_20250426_115502.wav
CCMNP-S-R7_20250426_115702,/Users/alastairpickering/Desktop/gibbon/present_1/present/CCMNP-S-R7_20250426_115702.wav
CCMNP-S-R7_20250426_180402,/Users/alastairpickering/Desktop/gibbon/present_1/present/CCMNP-S-R7_20250426_180402.wav
CCMNP-S-R7_20250427_020402,/Users/alastairpickering/Desktop/gibbon/present_1/present/CCMNP-S-R7_20250427_020402.wav
CCMNP-S-R7_20250427_043802,/Users/alastairpickering/Desktop/gibbon/present_1/present/CCMNP-S-R7_20250427_043802.wav
CCMNP-S-R7_20250427_062302,/Users/alastairpickering/Desktop/gibbon/present_1/present/CCMNP-S-R7_20250427_062302.wav
CCMNP-S-R7_20250427_063602,/Users/alastairpickering/Desktop/gibbon/present_1/present/CCMNP-S-R7_20250427_063602.wav
CCMNP-S-R7_20250427_064102,/Users/alastairpickering/Desktop/gibbon/present_1/present/CCMNP-S-R7_20250427_064102.wav
CCMNP-S-R7_20250427_064402,/Users/alastairpickering/Desktop/gibbon/present_1/present/CCMNP-S-R7_20250427_064402.wav
CCMNP-S-R7_20250427_065102,/Users/alastairpickering/Desktop/gibbon/present_1/present/CCMNP-S-R7_20250427_065102.wav
CCMNP-S-R7_20250427_065302,/Users/alastairpickering/Desktop/gibbon/present_1/present/CCMNP-S-R7_20250427_065302.wav
CCMNP-S-R7_20250427_070002,/Users/alastairpickering/Desktop/gibbon/present_1/present/CCMNP-S-R7_20250427_070002.wav
CCMNP-S-R7_20250427_070102,/Users/alastairpickering/Desktop/gibbon/present_1/present/CCMNP-S-R7_20250427_070102.wav
CCMNP-S-R7_20250427_070202,/Users/alastairpickering/Desktop/gibbon/present_1/present/CCMNP-S-R7_20250427_070202.wav
CCMNP-S-R7_20250427_070302,/Users/alastairpickering/Desktop/gibbon/present_1/present/CCMNP-S-R7_20250427_070302.wav
CCMNP-S-R7_20250427_070402,/Users/alastairpickering/Desktop/gibbon/present_1/present/CCMNP-S-R7_20250427_070402.wav
CCMNP-S-R7_20250427_070502,/Users/alastairpickering/Desktop/gibbon/present_1/present/CCMNP-S-R7_20250427_070502.wav
CCMNP-S-R7_20250427_070602,/Users/alastairpickering/Desktop/gibbon/present_1/present/CCMNP-S-R7_20250427_070602.wav
CCMNP-S-R7_20250427_070902,/Users/alastairpickering/Desktop/gibbon/present_1/present/CCMNP-S-R7_20250427_070902.wav
CCMNP-S-R7_20250427_071002,/Users/alastairpickering/Desktop/gibbon/present_1/present/CCMNP-S-R7_20250427_071002.wav
CCMNP-S-R7_20250427_071302,/Users/alastairpickering/Desktop/gibbon/present_1/present/CCMNP-S-R7_20250427_071302.wav
CCMNP-S-R7_20250427_071402,/Users/alastairpickering/Desktop/gibbon/present_1/present/CCMNP-S-R7_20250427_071402.wav
CCMNP-S-R7_20250427_071902,/Users/alastairpickering/Desktop/gibbon/present_1/present/CCMNP-S-R7_20250427_071902.wav
CCMNP-S-R7_20250427_072002,/Users/alastairpickering/Desktop/gibbon/present_1/present/CCMNP-S-R7_20250427_072002.wav
CCMNP-S-R7_20250427_073202,/Users/alastairpickering/Desktop/gibbon/present_1/present/CCMNP-S-R7_20250427_073202.wav
CCMNP-S-R7_20250427_073402,/Users/alastairpickering/Desktop/gibbon/present_1/present/CCMNP-S-R7_20250427_073402.wav
CCMNP-S-R7_20250427_073702,/Users/alastairpickering/Desktop/gibbon/present_1/present/CCMNP-S-R7_20250427_073702.wav
CCMNP-S-R7_20250427_075602,/Users/alastairpickering/Desktop/gibbon/present_1/present/CCMNP-S-R7_20250427_075602.wav
CCMNP-S-R8_20250425_111602,/Users/alastairpickering/Desktop/gibbon/present_1/present/CCMNP-S-R8_20250425_111602.wav
CCMNP-S-R8_20250425_120202,/Users/alastairpickering/Desktop/gibbon/present_1/present/CCMNP-S-R8_20250425_120202.wav
CCMNP-S-R8_20250425_120502,/Users/alastairpickering/Desktop/gibbon/present_1/present/CCMNP-S-R8_20250425_120502.wav
CCMNP-S-R8_20250425_122802,/Users/alastairpickering/Desktop/gibbon/present_1/present/CCMNP-S-R8_20250425_122802.wav
CCMNP-S-R8_20250425_130202,/Users/alastairpickering/Desktop/gibbon/present_1/present/CCMNP-S-R8_20250425_130202.wav
CCMNP-S-R8_20250425_132002,/Users/alastairpickering/Desktop/gibbon/present_1/present/CCMNP-S-R8_20250425_132002.wav
2MM02629_20241110_063000,/Users/alastairpickering/Desktop/gibbon/present_1/present/2MM02629_20241110_063000.wav
2MM02629_20241110_063300,/Users/alastairpickering/Desktop/gibbon/present_1/present/2MM02629_20241110_063300.wav
2MM02629_20241110_063600,/Users/alastairpickering/Desktop/gibbon/present_1/present/2MM02629_20241110_063600.wav
2MM02629_20241110_075400,/Users/alastairpickering/Desktop/gibbon/present_1/present/2MM02629_20241110_075400.wav
2MM02629_20241110_083300,/Users/alastairpickering/Desktop/gibbon/present_1/present/2MM02629_20241110_083300.wav
2MM02629_20241110_083600,/Users/alastairpickering/Desktop/gibbon/present_1/present/2MM02629_20241110_083600.wav
2MM02629_20241110_084200,/Users/alastairpickering/Desktop/gibbon/present_1/present/2MM02629_20241110_084200.wav
2MM02629_20241110_085100,/Users/alastairpickering/Desktop/gibbon/present_1/present/2MM02629_20241110_085100.wav
2MM02629_20241110_090000,/Users/alastairpickering/Desktop/gibbon/present_1/present/2MM02629_20241110_090000.wav
2MM02629_20241110_090600,/Users/alastairpickering/Desktop/gibbon/present_1/present/2MM02629_20241110_090600.wav
2MM02629_20241110_091200,/Users/alastairpickering/Desktop/gibbon/present_1/present/2MM02629_20241110_091200.wav
2MM02629_20241110_091500,/Users/alastairpickering/Desktop/gibbon/present_1/present/2MM02629_20241110_091500.wav
2MM02629_20241110_093000,/Users/alastairpickering/Desktop/gibbon/present_1/present/2MM02629_20241110_093000.wav
2MM02629_20241110_093900,/Users/alastairpickering/Desktop/gibbon/present_1/present/2MM02629_20241110_093900.wav
2MM02629_20241110_095400,/Users/alastairpickering/Desktop/gibbon/present_1/present/2MM02629_20241110_095400.wav
20250407_075620,/Users/alastairpickering/Desktop/gibbon/present_1/present/20250407_075620.wav
20250407_094335,/Users/alastairpickering/Desktop/gibbon/present_1/present/20250407_094335.wav
2MM02629_20241107_140300,/Users/alastairpickering/Desktop/gibbon/present_1/present/2MM02629_20241107_140300.wav
2MM02629_20241108_072100,/Users/alastairpickering/Desktop/gibbon/present_1/present/2MM02629_20241108_072100.wav
2MM02629_20241108_074200,/Users/alastairpickering/Desktop/gibbon/present_1/present/2MM02629_20241108_074200.wav
2MM02629_20241108_081200,/Users/alastairpickering/Desktop/gibbon/present_1/present/2MM02629_20241108_081200.wav
2MM02629_20241108_103600,/Users/alastairpickering/Desktop/gibbon/present_1/present/2MM02629_20241108_103600.wav
2MM02629_20241108_103900,/Users/alastairpickering/Desktop/gibbon/present_1/present/2MM02629_20241108_103900.wav
2MM02629_20241108_115100,/Users/alastairpickering/Desktop/gibbon/present_1/present/2MM02629_20241108_115100.wav
2MM02629_20241109_062100,/Users/alastairpickering/Desktop/gibbon/present_1/present/2MM02629_20241109_062100.wav
2MM02629_20241109_065100,/Users/alastairpickering/Desktop/gibbon/present_1/present/2MM02629_20241109_065100.wav
2MM02629_20241109_091500,/Users/alastairpickering/Desktop/gibbon/present_1/present/2MM02629_20241109_091500.wav
2MM02629_20241109_092100,/Users/alastairpickering/Desktop/gibbon/present_1/present/2MM02629_20241109_092100.wav
2MM02629_20241109_093000,/Users/alastairpickering/Desktop/gibbon/present_1/present/2MM02629_20241109_093000.wav
2MM02629_20241109_093600,/Users/alastairpickering/Desktop/gibbon/present_1/present/2MM02629_20241109_093600.wav
2MM02629_20241109_093900,/Users/alastairpickering/Desktop/gibbon/present_1/present/2MM02629_20241109_093900.wav
2MM02629_20241109_095400,/Users/alastairpickering/Desktop/gibbon/present_1/present/2MM02629_20241109_095400.wav
2MM02629_20241109_095700,/Users/alastairpickering/Desktop/gibbon/present_1/present/2MM02629_20241109_095700.wav
2MM02629_20241109_115400,/Users/alastairpickering/Desktop/gibbon/present_1/present/2MM02629_20241109_115400.wav
2MM02629_20241110_100900,/Users/alastairpickering/Desktop/gibbon/present_1/present/2MM02629_20241110_100900.wav
2MM02629_20241110_101500,/Users/alastairpickering/Desktop/gibbon/present_1/present/2MM02629_20241110_101500.wav
2MM02629_20241110_103600,/Users/alastairpickering/Desktop/gibbon/present_1/present/2MM02629_20241110_103600.wav
2MM02629_20241110_114200,/Users/alastairpickering/Desktop/gibbon/present_1/present/2MM02629_20241110_114200.wav
2MM02629_20241111_073300,/Users/alastairpickering/Desktop/gibbon/present_1/present/2MM02629_20241111_073300.wav
2MM02629_20241111_081200,/Users/alastairpickering/Desktop/gibbon/present_1/present/2MM02629_20241111_081200.wav
2MM02629_20241111_083000,/Users/alastairpickering/Desktop/gibbon/present_1/present/2MM02629_20241111_083000.wav
2MM02629_20241111_084500,/Users/alastairpickering/Desktop/gibbon/present_1/present/2MM02629_20241111_084500.wav
2MM02629_20241111_084800,/Users/alastairpickering/Desktop/gibbon/present_1/present/2MM02629_20241111_084800.wav
2MM02629_20241111_085100,/Users/alastairpickering/Desktop/gibbon/present_1/present/2MM02629_20241111_085100.wav
2MM02629_20241111_090000,/Users/alastairpickering/Desktop/gibbon/present_1/present/2MM02629_20241111_090000.wav
2MM02629_20241111_090300,/Users/alastairpickering/Desktop/gibbon/present_1/present/2MM02629_20241111_090300.wav
2MM02629_20241111_090600,/Users/alastairpickering/Desktop/gibbon/present_1/present/2MM02629_20241111_090600.wav
2MM02629_20241111_090900,/Users/alastairpickering/Desktop/gibbon/present_1/present/2MM02629_20241111_090900.wav
2MM02629_20241111_091200,/Users/alastairpickering/Desktop/gibbon/present_1/present/2MM02629_20241111_091200.wav
2MM02629_20241111_091500,/Users/alastairpickering/Desktop/gibbon/present_1/present/2MM02629_20241111_091500.wav
2MM02629_20241111_091800,/Users/alastairpickering/Desktop/gibbon/present_1/present/2MM02629_20241111_091800.wav
2MM02629_20241111_092100,/Users/alastairpickering/Desktop/gibbon/present_1/present/2MM02629_20241111_092100.wav
2MM02629_20241111_092400,/Users/alastairpickering/Desktop/gibbon/present_1/present/2MM02629_20241111_092400.wav
2MM02629_20241111_092700,/Users/alastairpickering/Desktop/gibbon/present_1/present/2MM02629_20241111_092700.wav
2MM02629_20241111_093000,/Users/alastairpickering/Desktop/gibbon/present_1/present/2MM02629_20241111_093000.wav
2MM02629_20241111_093300,/Users/alastairpickering/Desktop/gibbon/present_1/present/2MM02629_20241111_093300.wav
2MM02629_20241111_093600,/Users/alastairpickering/Desktop/gibbon/present_1/present/2MM02629_20241111_093600.wav
2MM02629_20241111_093900,/Users/alastairpickering/Desktop/gibbon/present_1/present/2MM02629_20241111_093900.wav
2MM02629_20241111_094200,/Users/alastairpickering/Desktop/gibbon/present_1/present/2MM02629_20241111_094200.wav
2MM02629_20241111_094800,/Users/alastairpickering/Desktop/gibbon/present_1/present/2MM02629_20241111_094800.wav
2MM02629_20241111_095700,/Users/alastairpickering/Desktop/gibbon/present_1/present/2MM02629_20241111_095700.wav
2MM02629_20241111_100000,/Users/alastairpickering/Desktop/gibbon/present_1/present/2MM02629_20241111_100000.wav
2MM02629_20241111_101200,/Users/alastairpickering/Desktop/gibbon/present_1/present/2MM02629_20241111_101200.wav
2MM02629_20241111_101500,/Users/alastairpickering/Desktop/gibbon/present_1/present/2MM02629_20241111_101500.wav
2MM02629_20241111_101800,/Users/alastairpickering/Desktop/gibbon/present_1/present/2MM02629_20241111_101800.wav
2MM02629_20241111_102700,/Users/alastairpickering/Desktop/gibbon/present_1/present/2MM02629_20241111_102700.wav
2MM02629_20241111_103600,/Users/alastairpickering/Desktop/gibbon/present_1/present/2MM02629_20241111_103600.wav
2MM02629_20241111_103900,/Users/alastairpickering/Desktop/gibbon/present_1/present/2MM02629_20241111_103900.wav
2MM02629_20241111_104200,/Users/alastairpickering/Desktop/gibbon/present_1/present/2MM02629_20241111_104200.wav
2MM02629_20241111_104500,/Users/alastairpickering/Desktop/gibbon/present_1/present/2MM02629_20241111_104500.wav
2MM02967_20241027_095302,/Users/alastairpickering/Desktop/gibbon/present_1/present/2MM02967_20241027_095302.wav
2MM02967_20241027_095402,/Users/alastairpickering/Desktop/gibbon/present_1/present/2MM02967_20241027_095402.wav
2MM02967_20241027_095502,/Users/alastairpickering/Desktop/gibbon/present_1/present/2MM02967_20241027_095502.wav
2MM02967_20241027_095602,/Users/alastairpickering/Desktop/gibbon/present_1/present/2MM02967_20241027_095602.wav
2MM02967_20241027_095702,/Users/alastairpickering/Desktop/gibbon/present_1/present/2MM02967_20241027_095702.wav
2MM02967_20241027_095902,/Users/alastairpickering/Desktop/gibbon/present_1/present/2MM02967_20241027_095902.wav
2MM02967_20241027_101602,/Users/alastairpickering/Desktop/gibbon/present_1/present/2MM02967_20241027_101602.wav
2MM02967_20241027_101802,/Users/alastairpickering/Desktop/gibbon/present_1/present/2MM02967_20241027_101802.wav
2MM02967_20241027_102102,/Users/alastairpickering/Desktop/gibbon/present_1/present/2MM02967_20241027_102102.wav
2MM02967_20241027_103602,/Users/alastairpickering/Desktop/gibbon/present_1/present/2MM02967_20241027_103602.wav
2MM02967_20241027_104402,/Users/alastairpickering/Desktop/gibbon/present_1/present/2MM02967_20241027_104402.wav
2MM02967_20241027_122202,/Users/alastairpickering/Desktop/gibbon/present_1/present/2MM02967_20241027_122202.wav
2MM02967_20241027_135502,/Users/alastairpickering/Desktop/gibbon/present_1/present/2MM02967_20241027_135502.wav
2MM02967_20241027_141502,/Users/alastairpickering/Desktop/gibbon/present_1/present/2MM02967_20241027_141502.wav
2MM02967_20241027_143602,/Users/alastairpickering/Desktop/gibbon/present_1/present/2MM02967_20241027_143602.wav
2MM02967_20241027_150102,/Users/alastairpickering/Desktop/gibbon/present_1/present/2MM02967_20241027_150102.wav
2MM02967_20241027_150902,/Users/alastairpickering/Desktop/gibbon/present_1/present/2MM02967_20241027_150902.wav
2MM02967_20241027_153402,/Users/alastairpickering/Desktop/gibbon/present_1/present/2MM02967_20241027_153402.wav
2MM02967_20241027_153502,/Users/alastairpickering/Desktop/gibbon/present_1/present/2MM02967_20241027_153502.wav
2MM02967_20241027_154302,/Users/alastairpickering/Desktop/gibbon/present_1/present/2MM02967_20241027_154302.wav
2MM02967_20241027_154802,/Users/alastairpickering/Desktop/gibbon/present_1/present/2MM02967_20241027_154802.wav
2MM02967_20241027_155502,/Users/alastairpickering/Desktop/gibbon/present_1/present/2MM02967_20241027_155502.wav
2MM02967_20241027_162202,/Users/alastairpickering/Desktop/gibbon/present_1/present/2MM02967_20241027_162202.wav
2MM02967_20241027_162702,/Users/alastairpickering/Desktop/gibbon/present_1/present/2MM02967_20241027_162702.wav
2MM02967_20241027_162902,/Users/alastairpickering/Desktop/gibbon/present_1/present/2MM02967_20241027_162902.wav
2MM02967_20241027_170602,/Users/alastairpickering/Desktop/gibbon/present_1/present/2MM02967_20241027_170602.wav
2MM02967_20241027_171102,/Users/alastairpickering/Desktop/gibbon/present_1/present/2MM02967_20241027_171102.wav
2MM02967_20241027_171602,/Users/alastairpickering/Desktop/gibbon/present_1/present/2MM02967_20241027_171602.wav
2MM02967_20241027_173502,/Users/alastairpickering/Desktop/gibbon/present_1/present/2MM02967_20241027_173502.wav
2MM02967_20241027_173602,/Users/alastairpickering/Desktop/gibbon/present_1/present/2MM02967_20241027_173602.wav
2MM02967_20241027_173702,/Users/alastairpickering/Desktop/gibbon/present_1/present/2MM02967_20241027_173702.wav
2MM02967_20241027_173802,/Users/alastairpickering/Desktop/gibbon/present_1/present/2MM02967_20241027_173802.wav
2MM02967_20241027_174102,/Users/alastairpickering/Desktop/gibbon/present_1/present/2MM02967_20241027_174102.wav
2MM02967_20241028_183002,/Users/alastairpickering/Desktop/gibbon/present_1/present/2MM02967_20241028_183002.wav
2MM02967_20241029_070802,/Users/alastairpickering/Desktop/gibbon/present_1/present/2MM02967_20241029_070802.wav
2MM02967_20241029_075202,/Users/alastairpickering/Desktop/gibbon/present_1/present/2MM02967_20241029_075202.wav
2MM02967_20241029_075902,/Users/alastairpickering/Desktop/gibbon/present_1/present/2MM02967_20241029_075902.wav
2MM02967_20241029_080002,/Users/alastairpickering/Desktop/gibbon/present_1/present/2MM02967_20241029_080002.wav
2MM02967_20241029_080202,/Users/alastairpickering/Desktop/gibbon/present_1/present/2MM02967_20241029_080202.wav
2MM02967_20241029_080302,/Users/alastairpickering/Desktop/gibbon/present_1/present/2MM02967_20241029_080302.wav
2MM02967_20241029_080402,/Users/alastairpickering/Desktop/gibbon/present_1/present/2MM02967_20241029_080402.wav
2MM02967_20241029_080602,/Users/alastairpickering/Desktop/gibbon/present_1/present/2MM02967_20241029_080602.wav
2MM02967_20241029_080702,/Users/alastairpickering/Desktop/gibbon/present_1/present/2MM02967_20241029_080702.wav
2MM02967_20241029_080802,/Users/alastairpickering/Desktop/gibbon/present_1/present/2MM02967_20241029_080802.wav
2MM02967_20241029_080902,/Users/alastairpickering/Desktop/gibbon/present_1/present/2MM02967_20241029_080902.wav
2MM02967_20241029_081002,/Users/alastairpickering/Desktop/gibbon/present_1/present/2MM02967_20241029_081002.wav
2MM02967_20241029_081102,/Users/alastairpickering/Desktop/gibbon/present_1/present/2MM02967_20241029_081102.wav
2MM02967_20241029_081202,/Users/alastairpickering/Desktop/gibbon/present_1/present/2MM02967_20241029_081202.wav
2MM02967_20241029_081302,/Users/alastairpickering/Desktop/gibbon/present_1/present/2MM02967_20241029_081302.wav
2MM02967_20241029_081402,/Users/alastairpickering/Desktop/gibbon/present_1/present/2MM02967_20241029_081402.wav
2MM02967_20241029_081502,/Users/alastairpickering/Desktop/gibbon/present_1/present/2MM02967_20241029_081502.wav
2MM02967_20241029_081602,/Users/alastairpickering/Desktop/gibbon/present_1/present/2MM02967_20241029_081602.wav
2MM02967_20241029_081702,/Users/alastairpickering/Desktop/gibbon/present_1/present/2MM02967_20241029_081702.wav
2MM02967_20241029_081802,/Users/alastairpickering/Desktop/gibbon/present_1/present/2MM02967_20241029_081802.wav
2MM02967_20241029_081902,/Users/alastairpickering/Desktop/gibbon/present_1/present/2MM02967_20241029_081902.wav
2MM02967_20241029_082002,/Users/alastairpickering/Desktop/gibbon/present_1/present/2MM02967_20241029_082002.wav
2MM02967_20241029_082102,/Users/alastairpickering/Desktop/gibbon/present_1/present/2MM02967_20241029_082102.wav
2MM02967_20241029_082202,/Users/alastairpickering/Desktop/gibbon/present_1/present/2MM02967_20241029_082202.wav
2MM02967_20241029_082302,/Users/alastairpickering/Desktop/gibbon/present_1/present/2MM02967_20241029_082302.wav
2MM02967_20241029_082502,/Users/alastairpickering/Desktop/gibbon/present_1/present/2MM02967_20241029_082502.wav
2MM02967_20241029_082602,/Users/alastairpickering/Desktop/gibbon/present_1/present/2MM02967_20241029_082602.wav
2MM02967_20241029_082702,/Users/alastairpickering/Desktop/gibbon/present_1/present/2MM02967_20241029_082702.wav
2MM02967_20241029_082802,/Users/alastairpickering/Desktop/gibbon/present_1/present/2MM02967_20241029_082802.wav
2MM02967_20241029_082902,/Users/alastairpickering/Desktop/gibbon/present_1/present/2MM02967_20241029_082902.wav
2MM02967_20241029_083002,/Users/alastairpickering/Desktop/gibbon/present_1/present/2MM02967_20241029_083002.wav
2MM02967_20241029_083102,/Users/alastairpickering/Desktop/gibbon/present_1/present/2MM02967_20241029_083102.wav
2MM02967_20241029_083302,/Users/alastairpickering/Desktop/gibbon/present_1/present/2MM02967_20241029_083302.wav
2MM02967_20241029_083402,/Users/alastairpickering/Desktop/gibbon/present_1/present/2MM02967_20241029_083402.wav
2MM02967_20241029_084202,/Users/alastairpickering/Desktop/gibbon/present_1/present/2MM02967_20241029_084202.wav
2MM02967_20241029_084502,/Users/alastairpickering/Desktop/gibbon/present_1/present/2MM02967_20241029_084502.wav
2MM02967_20241029_085202,/Users/alastairpickering/Desktop/gibbon/present_1/present/2MM02967_20241029_085202.wav
2MM02967_20241029_085802,/Users/alastairpickering/Desktop/gibbon/present_1/present/2MM02967_20241029_085802.wav
2MM02967_20241029_090302,/Users/alastairpickering/Desktop/gibbon/present_1/present/2MM02967_20241029_090302.wav
2MM02967_20241029_091002,/Users/alastairpickering/Desktop/gibbon/present_1/present/2MM02967_20241029_091002.wav
2MM02967_20241029_091102,/Users/alastairpickering/Desktop/gibbon/present_1/present/2MM02967_20241029_091102.wav
2MM02967_20241029_092902,/Users/alastairpickering/Desktop/gibbon/present_1/present/2MM02967_20241029_092902.wav
2MM02967_20241029_093202,/Users/alastairpickering/Desktop/gibbon/present_1/present/2MM02967_20241029_093202.wav
2MM02967_20241029_093802,/Users/alastairpickering/Desktop/gibbon/present_1/present/2MM02967_20241029_093802.wav
2MM02967_20241029_093902,/Users/alastairpickering/Desktop/gibbon/present_1/present/2MM02967_20241029_093902.wav
2MM02967_20241029_094002,/Users/alastairpickering/Desktop/gibbon/present_1/present/2MM02967_20241029_094002.wav
2MM02967_20241029_094102,/Users/alastairpickering/Desktop/gibbon/present_1/present/2MM02967_20241029_094102.wav
2MM02967_20241029_094202,/Users/alastairpickering/Desktop/gibbon/present_1/present/2MM02967_20241029_094202.wav
2MM02967_20241029_094302,/Users/alastairpickering/Desktop/gibbon/present_1/present/2MM02967_20241029_094302.wav
2MM02967_20241029_094402,/Users/alastairpickering/Desktop/gibbon/present_1/present/2MM02967_20241029_094402.wav
2MM02967_20241029_094502,/Users/alastairpickering/Desktop/gibbon/present_1/present/2MM02967_20241029_094502.wav
2MM02967_20241029_094602,/Users/alastairpickering/Desktop/gibbon/present_1/present/2MM02967_20241029_094602.wav
2MM02967_20241029_094702,/Users/alastairpickering/Desktop/gibbon/present_1/present/2MM02967_20241029_094702.wav
2MM02967_20241029_094802,/Users/alastairpickering/Desktop/gibbon/present_1/present/2MM02967_20241029_094802.wav
2MM02967_20241029_094902,/Users/alastairpickering/Desktop/gibbon/present_1/present/2MM02967_20241029_094902.wav
2MM02967_20241029_095002,/Users/alastairpickering/Desktop/gibbon/present_1/present/2MM02967_20241029_095002.wav
2MM02967_20241029_095102,/Users/alastairpickering/Desktop/gibbon/present_1/present/2MM02967_20241029_095102.wav
2MM02967_20241029_095202,/Users/alastairpickering/Desktop/gibbon/present_1/present/2MM02967_20241029_095202.wav
2MM02967_20241029_095302,/Users/alastairpickering/Desktop/gibbon/present_1/present/2MM02967_20241029_095302.wav
2MM02967_20241029_095402,/Users/alastairpickering/Desktop/gibbon/present_1/present/2MM02967_20241029_095402.wav
2MM02967_20241029_095502,/Users/alastairpickering/Desktop/gibbon/present_1/present/2MM02967_20241029_095502.wav
2MM02967_20241029_095602,/Users/alastairpickering/Desktop/gibbon/present_1/present/2MM02967_20241029_095602.wav
2MM02967_20241029_095702,/Users/alastairpickering/Desktop/gibbon/present_1/present/2MM02967_20241029_095702.wav
2MM02967_20241029_095802,/Users/alastairpickering/Desktop/gibbon/present_1/present/2MM02967_20241029_095802.wav
2MM02967_20241029_095902,/Users/alastairpickering/Desktop/gibbon/present_1/present/2MM02967_20241029_095902.wav
2MM02967_20241029_100002,/Users/alastairpickering/Desktop/gibbon/present_1/present/2MM02967_20241029_100002.wav
2MM02967_20241029_100202,/Users/alastairpickering/Desktop/gibbon/present_1/present/2MM02967_20241029_100202.wav
2MM02967_20241029_100402,/Users/alastairpickering/Desktop/gibbon/present_1/present/2MM02967_20241029_100402.wav
2MM02967_20241029_100502,/Users/alastairpickering/Desktop/gibbon/present_1/present/2MM02967_20241029_100502.wav
2MM02967_20241029_100702,/Users/alastairpickering/Desktop/gibbon/present_1/present/2MM02967_20241029_100702.wav
2MM02967_20241029_100802,/Users/alastairpickering/Desktop/gibbon/present_1/present/2MM02967_20241029_100802.wav
2MM02967_20241029_100902,/Users/alastairpickering/Desktop/gibbon/present_1/present/2MM02967_20241029_100902.wav
2MM02967_20241029_101002,/Users/alastairpickering/Desktop/gibbon/present_1/present/2MM02967_20241029_101002.wav
2MM02967_20241029_101102,/Users/alastairpickering/Desktop/gibbon/present_1/present/2MM02967_20241029_101102.wav
2MM02967_20241029_101202,/Users/alastairpickering/Desktop/gibbon/present_1/present/2MM02967_20241029_101202.wav
2MM02967_20241029_101302,/Users/alastairpickering/Desktop/gibbon/present_1/present/2MM02967_20241029_101302.wav
2MM02967_20241029_101402,/Users/alastairpickering/Desktop/gibbon/present_1/present/2MM02967_20241029_101402.wav
2MM02967_20241029_101502,/Users/alastairpickering/Desktop/gibbon/present_1/present/2MM02967_20241029_101502.wav
2MM02967_20241029_101602,/Users/alastairpickering/Desktop/gibbon/present_1/present/2MM02967_20241029_101602.wav
2MM02967_20241029_101702,/Users/alastairpickering/Desktop/gibbon/present_1/present/2MM02967_20241029_101702.wav
2MM02967_20241029_101802,/Users/alastairpickering/Desktop/gibbon/present_1/present/2MM02967_20241029_101802.wav
2MM02967_20241029_101902,/Users/alastairpickering/Desktop/gibbon/present_1/present/2MM02967_20241029_101902.wav
2MM02967_20241029_102002,/Users/alastairpickering/Desktop/gibbon/present_1/present/2MM02967_20241029_102002.wav
2MM02967_20241029_102102,/Users/alastairpickering/Desktop/gibbon/present_1/present/2MM02967_20241029_102102.wav
2MM02967_20241029_102202,/Users/alastairpickering/Desktop/gibbon/present_1/present/2MM02967_20241029_102202.wav
2MM02967_20241029_102302,/Users/alastairpickering/Desktop/gibbon/present_1/present/2MM02967_20241029_102302.wav
2MM02967_20241029_102402,/Users/alastairpickering/Desktop/gibbon/present_1/present/2MM02967_20241029_102402.wav
2MM02967_20241029_102502,/Users/alastairpickering/Desktop/gibbon/present_1/present/2MM02967_20241029_102502.wav
2MM02967_20241029_102602,/Users/alastairpickering/Desktop/gibbon/present_1/present/2MM02967_20241029_102602.wav
2MM02967_20241029_102802,/Users/alastairpickering/Desktop/gibbon/present_1/present/2MM02967_20241029_102802.wav
2MM02967_20241029_102902,/Users/alastairpickering/Desktop/gibbon/present_1/present/2MM02967_20241029_102902.wav
2MM02967_20241029_103002,/Users/alastairpickering/Desktop/gibbon/present_1/present/2MM02967_20241029_103002.wav
2MM02967_20241029_103102,/Users/alastairpickering/Desktop/gibbon/present_1/present/2MM02967_20241029_103102.wav
2MM02967_20241029_104902,/Users/alastairpickering/Desktop/gibbon/present_1/present/2MM02967_20241029_104902.wav
2MM02967_20241029_105002,/Users/alastairpickering/Desktop/gibbon/present_1/present/2MM02967_20241029_105002.wav
2MM02967_20241029_105502,/Users/alastairpickering/Desktop/gibbon/present_1/present/2MM02967_20241029_105502.wav
2MM02967_20241029_105702,/Users/alastairpickering/Desktop/gibbon/present_1/present/2MM02967_20241029_105702.wav
2MM02967_20241029_105902,/Users/alastairpickering/Desktop/gibbon/present_1/present/2MM02967_20241029_105902.wav
2MM02967_20241029_110402,/Users/alastairpickering/Desktop/gibbon/present_1/present/2MM02967_20241029_110402.wav
2MM02967_20241029_111202,/Users/alastairpickering/Desktop/gibbon/present_1/present/2MM02967_20241029_111202.wav
2MM03008_20241108_094500,/Users/alastairpickering/Desktop/gibbon/present_1/present/2MM03008_20241108_094500.wav
2MM03008_20241108_094800,/Users/alastairpickering/Desktop/gibbon/present_1/present/2MM03008_20241108_094800.wav
2MM03008_20241108_095100,/Users/alastairpickering/Desktop/gibbon/present_1/present/2MM03008_20241108_095100.wav
2MM03008_20241108_095400,/Users/alastairpickering/Desktop/gibbon/present_1/present/2MM03008_20241108_095400.wav
2MM03008_20241108_095700,/Users/alastairpickering/Desktop/gibbon/present_1/present/2MM03008_20241108_095700.wav
2MM03008_20241108_100000,/Users/alastairpickering/Desktop/gibbon/present_1/present/2MM03008_20241108_100000.wav
2MM03008_20241108_100600,/Users/alastairpickering/Desktop/gibbon/present_1/present/2MM03008_20241108_100600.wav
2MM03008_20241108_100900,/Users/alastairpickering/Desktop/gibbon/present_1/present/2MM03008_20241108_100900.wav
2MM03008_20241108_101200,/Users/alastairpickering/Desktop/gibbon/present_1/present/2MM03008_20241108_101200.wav
2MM03008_20241108_101500,/Users/alastairpickering/Desktop/gibbon/present_1/present/2MM03008_20241108_101500.wav
2MM03008_20241108_101800,/Users/alastairpickering/Desktop/gibbon/present_1/present/2MM03008_20241108_101800.wav
2MM03008_20241108_102100,/Users/alastairpickering/Desktop/gibbon/present_1/present/2MM03008_20241108_102100.wav
2MM03008_20241108_102400,/Users/alastairpickering/Desktop/gibbon/present_1/present/2MM03008_20241108_102400.wav
2MM03008_20241108_102700,/Users/alastairpickering/Desktop/gibbon/present_1/present/2MM03008_20241108_102700.wav
2MM03008_20241108_115700,/Users/alastairpickering/Desktop/gibbon/present_1/present/2MM03008_20241108_115700.wav
2MM03008_20241108_122400,/Users/alastairpickering/Desktop/gibbon/present_1/present/2MM03008_20241108_122400.wav
2MM03008_20241108_130600,/Users/alastairpickering/Desktop/gibbon/present_1/present/2MM03008_20241108_130600.wav
2MM03008_20241109_081500,/Users/alastairpickering/Desktop/gibbon/present_1/present/2MM03008_20241109_081500.wav
2MM03008_20241109_083600,/Users/alastairpickering/Desktop/gibbon/present_1/present/2MM03008_20241109_083600.wav
2MM03008_20241109_084200,/Users/alastairpickering/Desktop/gibbon/present_1/present/2MM03008_20241109_084200.wav
2MM03008_20241109_085700,/Users/alastairpickering/Desktop/gibbon/present_1/present/2MM03008_20241109_085700.wav
2MM03008_20241109_090600,/Users/alastairpickering/Desktop/gibbon/present_1/present/2MM03008_20241109_090600.wav
2MM03008_20241109_094200,/Users/alastairpickering/Desktop/gibbon/present_1/present/2MM03008_20241109_094200.wav
2MM03008_20241109_094800,/Users/alastairpickering/Desktop/gibbon/present_1/present/2MM03008_20241109_094800.wav
2MM03008_20241109_095100,/Users/alastairpickering/Desktop/gibbon/present_1/present/2MM03008_20241109_095100.wav
2MM03008_20241109_100000,/Users/alastairpickering/Desktop/gibbon/present_1/present/2MM03008_20241109_100000.wav
2MM03008_20241109_100300,/Users/alastairpickering/Desktop/gibbon/present_1/present/2MM03008_20241109_100300.wav
2MM03008_20241109_100600,/Users/alastairpickering/Desktop/gibbon/present_1/present/2MM03008_20241109_100600.wav
2MM03008_20241109_100900,/Users/alastairpickering/Desktop/gibbon/present_1/present/2MM03008_20241109_100900.wav
2MM03008_20241109_101200,/Users/alastairpickering/Desktop/gibbon/present_1/present/2MM03008_20241109_101200.wav
2MM03008_20241109_101500,/Users/alastairpickering/Desktop/gibbon/present_1/present/2MM03008_20241109_101500.wav
2MM03008_20241109_102400,/Users/alastairpickering/Desktop/gibbon/present_1/present/2MM03008_20241109_102400.wav
2MM03008_20241109_104500,/Users/alastairpickering/Desktop/gibbon/present_1/present/2MM03008_20241109_104500.wav
2MM03008_20241109_134500,/Users/alastairpickering/Desktop/gibbon/present_1/present/2MM03008_20241109_134500.wav
2MM03008_20241110_081200,/Users/alastairpickering/Desktop/gibbon/present_1/present/2MM03008_20241110_081200.wav
2MM03008_20241110_092100,/Users/alastairpickering/Desktop/gibbon/present_1/present/2MM03008_20241110_092100.wav
2MM03008_20241110_092400,/Users/alastairpickering/Desktop/gibbon/present_1/present/2MM03008_20241110_092400.wav
2MM03008_20241110_092700,/Users/alastairpickering/Desktop/gibbon/present_1/present/2MM03008_20241110_092700.wav
2MM03008_20241110_093000,/Users/alastairpickering/Desktop/gibbon/present_1/present/2MM03008_20241110_093000.wav
2MM03008_20241110_093300,/Users/alastairpickering/Desktop/gibbon/present_1/present/2MM03008_20241110_093300.wav
2MM03008_20241110_093600,/Users/alastairpickering/Desktop/gibbon/present_1/present/2MM03008_20241110_093600.wav
2MM03008_20241110_093900,/Users/alastairpickering/Desktop/gibbon/present_1/present/2MM03008_20241110_093900.wav
2MM03008_20241110_094200,/Users/alastairpickering/Desktop/gibbon/present_1/present/2MM03008_20241110_094200.wav
2MM03008_20241110_094500,/Users/alastairpickering/Desktop/gibbon/present_1/present/2MM03008_20241110_094500.wav
2MM03008_20241110_094800,/Users/alastairpickering/Desktop/gibbon/present_1/present/2MM03008_20241110_094800.wav
2MM03008_20241110_095100,/Users/alastairpickering/Desktop/gibbon/present_1/present/2MM03008_20241110_095100.wav
2MM03008_20241110_095400,/Users/alastairpickering/Desktop/gibbon/present_1/present/2MM03008_20241110_095400.wav
2MM03008_20241110_095700,/Users/alastairpickering/Desktop/gibbon/present_1/present/2MM03008_20241110_095700.wav
2MM03008_20241110_100900,/Users/alastairpickering/Desktop/gibbon/present_1/present/2MM03008_20241110_100900.wav
2MM03008_20241110_101800,/Users/alastairpickering/Desktop/gibbon/present_1/present/2MM03008_20241110_101800.wav
2MM03008_20241110_102400,/Users/alastairpickering/Desktop/gibbon/present_1/present/2MM03008_20241110_102400.wav
2MM03008_20241110_103000,/Users/alastairpickering/Desktop/gibbon/present_1/present/2MM03008_20241110_103000.wav
2MM03008_20241110_140900,/Users/alastairpickering/Desktop/gibbon/present_1/present/2MM03008_20241110_140900.wav
2MM03008_20241111_055400,/Users/alastairpickering/Desktop/gibbon/present_1/present/2MM03008_20241111_055400.wav
2MM03008_20241111_055700,/Users/alastairpickering/Desktop/gibbon/present_1/present/2MM03008_20241111_055700.wav
2MM03008_20241111_084200,/Users/alastairpickering/Desktop/gibbon/present_1/present/2MM03008_20241111_084200.wav
2MM03008_20241111_085400,/Users/alastairpickering/Desktop/gibbon/present_1/present/2MM03008_20241111_085400.wav
2MM03008_20241111_090000,/Users/alastairpickering/Desktop/gibbon/present_1/present/2MM03008_20241111_090000.wav
2MM03008_20241111_090300,/Users/alastairpickering/Desktop/gibbon/present_1/present/2MM03008_20241111_090300.wav
2MM03008_20241111_090600,/Users/alastairpickering/Desktop/gibbon/present_1/present/2MM03008_20241111_090600.wav
2MM03008_20241111_090900,/Users/alastairpickering/Desktop/gibbon/present_1/present/2MM03008_20241111_090900.wav
2MM03008_20241111_091200,/Users/alastairpickering/Desktop/gibbon/present_1/present/2MM03008_20241111_091200.wav
2MM03008_20241111_091500,/Users/alastairpickering/Desktop/gibbon/present_1/present/2MM03008_20241111_091500.wav
2MM03008_20241111_102700,/Users/alastairpickering/Desktop/gibbon/present_1/present/2MM03008_20241111_102700.wav
2MM03008_20241111_103300,/Users/alastairpickering/Desktop/gibbon/present_1/present/2MM03008_20241111_103300.wav
2MM03008_20241111_103600,/Users/alastairpickering/Desktop/gibbon/present_1/present/2MM03008_20241111_103600.wav
2MM03008_20241111_103900,/Users/alastairpickering/Desktop/gibbon/present_1/present/2MM03008_20241111_103900.wav
2MM03008_20241111_104200,/Users/alastairpickering/Desktop/gibbon/present_1/present/2MM03008_20241111_104200.wav
2MM03008_20241111_104500,/Users/alastairpickering/Desktop/gibbon/present_1/present/2MM03008_20241111_104500.wav
2MM03008_20241111_104800,/Users/alastairpickering/Desktop/gibbon/present_1/present/2MM03008_20241111_104800.wav
2MM03008_20241111_105400,/Users/alastairpickering/Desktop/gibbon/present_1/present/2MM03008_20241111_105400.wav
2MM03008_20241111_105700,/Users/alastairpickering/Desktop/gibbon/present_1/present/2MM03008_20241111_105700.wav
2MM03008_20241111_110900,/Users/alastairpickering/Desktop/gibbon/present_1/present/2MM03008_20241111_110900.wav
2MM03008_20241111_111800,/Users/alastairpickering/Desktop/gibbon/present_1/present/2MM03008_20241111_111800.wav
2MM03008_20241111_112100,/Users/alastairpickering/Desktop/gibbon/present_1/present/2MM03008_20241111_112100.wav
2MM03008_20241111_112400,/Users/alastairpickering/Desktop/gibbon/present_1/present/2MM03008_20241111_112400.wav
2MM03008_20241111_112700,/Users/alastairpickering/Desktop/gibbon/present_1/present/2MM03008_20241111_112700.wav
2MM03008_20241111_113300,/Users/alastairpickering/Desktop/gibbon/present_1/present/2MM03008_20241111_113300.wav
2MM03008_20241111_113600,/Users/alastairpickering/Desktop/gibbon/present_1/present/2MM03008_20241111_113600.wav
2MM03008_20241111_113900,/Users/alastairpickering/Desktop/gibbon/present_1/present/2MM03008_20241111_113900.wav
2MM03008_20241111_114500,/Users/alastairpickering/Desktop/gibbon/present_1/present/2MM03008_20241111_114500.wav
2MM03008_20241111_114800,/Users/alastairpickering/Desktop/gibbon/present_1/present/2MM03008_20241111_114800.wav
2MM03008_20241111_115100,/Users/alastairpickering/Desktop/gibbon/present_1/present/2MM03008_20241111_115100.wav
2MM03008_20241111_115400,/Users/alastairpickering/Desktop/gibbon/present_1/present/2MM03008_20241111_115400.wav
2MM03008_20241111_115700,/Users/alastairpickering/Desktop/gibbon/present_1/present/2MM03008_20241111_115700.wav
2MM03008_20241111_120000,/Users/alastairpickering/Desktop/gibbon/present_1/present/2MM03008_20241111_120000.wav
2MM03008_20241111_132400,/Users/alastairpickering/Desktop/gibbon/present_1/present/2MM03008_20241111_132400.wav
2MM03008_20241111_135400,/Users/alastairpickering/Desktop/gibbon/present_1/present/2MM03008_20241111_135400.wav
2MM03008_20241111_142700,/Users/alastairpickering/Desktop/gibbon/present_1/present/2MM03008_20241111_142700.wav
2MM03008_20241112_071500,/Users/alastairpickering/Desktop/gibbon/present_1/present/2MM03008_20241112_071500.wav
2MM03293_20241027_095102,/Users/alastairpickering/Desktop/gibbon/present_1/present/2MM03293_20241027_095102.wav
2MM03293_20241027_095202,/Users/alastairpickering/Desktop/gibbon/present_1/present/2MM03293_20241027_095202.wav
2MM03293_20241027_095402,/Users/alastairpickering/Desktop/gibbon/present_1/present/2MM03293_20241027_095402.wav
2MM03293_20241027_095502,/Users/alastairpickering/Desktop/gibbon/present_1/present/2MM03293_20241027_095502.wav
2MM03293_20241027_095602,/Users/alastairpickering/Desktop/gibbon/present_1/present/2MM03293_20241027_095602.wav
2MM03293_20241027_100002,/Users/alastairpickering/Desktop/gibbon/present_1/present/2MM03293_20241027_100002.wav
2MM03293_20241027_101902,/Users/alastairpickering/Desktop/gibbon/present_1/present/2MM03293_20241027_101902.wav
2MM03293_20241027_102302,/Users/alastairpickering/Desktop/gibbon/present_1/present/2MM03293_20241027_102302.wav
2MM03293_20241027_115802,/Users/alastairpickering/Desktop/gibbon/present_1/present/2MM03293_20241027_115802.wav
2MM03293_20241027_124302,/Users/alastairpickering/Desktop/gibbon/present_1/present/2MM03293_20241027_124302.wav
2MM03293_20241027_125602,/Users/alastairpickering/Desktop/gibbon/present_1/present/2MM03293_20241027_125602.wav
2MM03293_20241027_143002,/Users/alastairpickering/Desktop/gibbon/present_1/present/2MM03293_20241027_143002.wav
2MM03293_20241027_144102,/Users/alastairpickering/Desktop/gibbon/present_1/present/2MM03293_20241027_144102.wav
2MM03293_20241027_145602,/Users/alastairpickering/Desktop/gibbon/present_1/present/2MM03293_20241027_145602.wav
2MM03293_20241027_164402,/Users/alastairpickering/Desktop/gibbon/present_1/present/2MM03293_20241027_164402.wav
2MM03293_20241027_171702,/Users/alastairpickering/Desktop/gibbon/present_1/present/2MM03293_20241027_171702.wav
2MM03293_20241027_171802,/Users/alastairpickering/Desktop/gibbon/present_1/present/2MM03293_20241027_171802.wav
2MM03293_20241027_171902,/Users/alastairpickering/Desktop/gibbon/present_1/present/2MM03293_20241027_171902.wav
2MM03293_20241027_172002,/Users/alastairpickering/Desktop/gibbon/present_1/present/2MM03293_20241027_172002.wav
2MM03293_20241027_172102,/Users/alastairpickering/Desktop/gibbon/present_1/present/2MM03293_20241027_172102.wav
2MM03293_20241027_172802,/Users/alastairpickering/Desktop/gibbon/present_1/present/2MM03293_20241027_172802.wav
2MM03293_20241027_173302,/Users/alastairpickering/Desktop/gibbon/present_1/present/2MM03293_20241027_173302.wav
2MM03293_20241027_173602,/Users/alastairpickering/Desktop/gibbon/present_1/present/2MM03293_20241027_173602.wav
2MM03346_20241108_081500,/Users/alastairpickering/Desktop/gibbon/present_1/present/2MM03346_20241108_081500.wav
2MM03346_20241108_081800,/Users/alastairpickering/Desktop/gibbon/present_1/present/2MM03346_20241108_081800.wav
2MM03346_20241108_082100,/Users/alastairpickering/Desktop/gibbon/present_1/present/2MM03346_20241108_082100.wav
2MM03346_20241108_093600,/Users/alastairpickering/Desktop/gibbon/present_1/present/2MM03346_20241108_093600.wav
2MM03346_20241108_093900,/Users/alastairpickering/Desktop/gibbon/present_1/present/2MM03346_20241108_093900.wav
2MM03346_20241108_094200,/Users/alastairpickering/Desktop/gibbon/present_1/present/2MM03346_20241108_094200.wav
2MM03346_20241108_094500,/Users/alastairpickering/Desktop/gibbon/present_1/present/2MM03346_20241108_094500.wav
2MM03346_20241109_094500,/Users/alastairpickering/Desktop/gibbon/present_1/present/2MM03346_20241109_094500.wav
2MM03346_20241109_110900,/Users/alastairpickering/Desktop/gibbon/present_1/present/2MM03346_20241109_110900.wav
2MM03346_20241109_140900,/Users/alastairpickering/Desktop/gibbon/present_1/present/2MM03346_20241109_140900.wav
2MM03346_20241110_085700,/Users/alastairpickering/Desktop/gibbon/present_1/present/2MM03346_20241110_085700.wav
2MM03346_20241110_090000,/Users/alastairpickering/Desktop/gibbon/present_1/present/2MM03346_20241110_090000.wav
2MM03346_20241110_090300,/Users/alastairpickering/Desktop/gibbon/present_1/present/2MM03346_20241110_090300.wav
2MM03346_20241110_090600,/Users/alastairpickering/Desktop/gibbon/present_1/present/2MM03346_20241110_090600.wav
2MM03346_20241110_090900,/Users/alastairpickering/Desktop/gibbon/present_1/present/2MM03346_20241110_090900.wav
2MM03346_20241110_091200,/Users/alastairpickering/Desktop/gibbon/present_1/present/2MM03346_20241110_091200.wav
2MM03346_20241110_092400,/Users/alastairpickering/Desktop/gibbon/present_1/present/2MM03346_20241110_092400.wav
2MM03346_20241110_092700,/Users/alastairpickering/Desktop/gibbon/present_1/present/2MM03346_20241110_092700.wav
2MM03346_20241110_093000,/Users/alastairpickering/Desktop/gibbon/present_1/present/2MM03346_20241110_093000.wav
2MM03346_20241110_093300,/Users/alastairpickering/Desktop/gibbon/present_1/present/2MM03346_20241110_093300.wav
2MM03346_20241110_093600,/Users/alastairpickering/Desktop/gibbon/present_1/present/2MM03346_20241110_093600.wav
2MM03346_20241110_093900,/Users/alastairpickering/Desktop/gibbon/present_1/present/2MM03346_20241110_093900.wav
2MM03346_20241110_094200,/Users/alastairpickering/Desktop/gibbon/present_1/present/2MM03346_20241110_094200.wav
2MM03346_20241110_094500,/Users/alastairpickering/Desktop/gibbon/present_1/present/2MM03346_20241110_094500.wav
2MM03346_20241110_095700,/Users/alastairpickering/Desktop/gibbon/present_1/present/2MM03346_20241110_095700.wav
2MM03346_20241110_100000,/Users/alastairpickering/Desktop/gibbon/present_1/present/2MM03346_20241110_100000.wav
2MM03346_20241110_100300,/Users/alastairpickering/Desktop/gibbon/present_1/present/2MM03346_20241110_100300.wav
2MM03346_20241110_100600,/Users/alastairpickering/Desktop/gibbon/present_1/present/2MM03346_20241110_100600.wav
2MM03346_20241110_100900,/Users/alastairpickering/Desktop/gibbon/present_1/present/2MM03346_20241110_100900.wav
2MM03346_20241110_103000,/Users/alastairpickering/Desktop/gibbon/present_1/present/2MM03346_20241110_103000.wav
2MM03346_20241110_114200,/Users/alastairpickering/Desktop/gibbon/present_1/present/2MM03346_20241110_114200.wav
2MM03346_20241110_114800,/Users/alastairpickering/Desktop/gibbon/present_1/present/2MM03346_20241110_114800.wav
2MM03346_20241110_120300,/Users/alastairpickering/Desktop/gibbon/present_1/present/2MM03346_20241110_120300.wav
2MM03346_20241110_122700,/Users/alastairpickering/Desktop/gibbon/present_1/present/2MM03346_20241110_122700.wav
2MM03352_20241212_153000,/Users/alastairpickering/Desktop/gibbon/present_1/present/2MM03352_20241212_153000.wav
2MM03352_20241213_090300,/Users/alastairpickering/Desktop/gibbon/present_1/present/2MM03352_20241213_090300.wav
2MM03352_20241213_094302,/Users/alastairpickering/Desktop/gibbon/present_1/present/2MM03352_20241213_094302.wav
2MM03352_20241213_104200,/Users/alastairpickering/Desktop/gibbon/present_1/present/2MM03352_20241213_104200.wav
2MM03352_20241213_104602,/Users/alastairpickering/Desktop/gibbon/present_1/present/2MM03352_20241213_104602.wav
2MM03352_20241213_104800,/Users/alastairpickering/Desktop/gibbon/present_1/present/2MM03352_20241213_104800.wav
2MM03352_20241213_111200,/Users/alastairpickering/Desktop/gibbon/present_1/present/2MM03352_20241213_111200.wav
2MM03352_20241213_113000,/Users/alastairpickering/Desktop/gibbon/present_1/present/2MM03352_20241213_113000.wav
2MM03352_20241213_114302,/Users/alastairpickering/Desktop/gibbon/present_1/present/2MM03352_20241213_114302.wav
2MM03352_20241213_114500,/Users/alastairpickering/Desktop/gibbon/present_1/present/2MM03352_20241213_114500.wav
2MM03352_20241213_114602,/Users/alastairpickering/Desktop/gibbon/present_1/present/2MM03352_20241213_114602.wav
2MM03352_20241213_114800,/Users/alastairpickering/Desktop/gibbon/present_1/present/2MM03352_20241213_114800.wav
2MM03352_20241213_115100,/Users/alastairpickering/Desktop/gibbon/present_1/present/2MM03352_20241213_115100.wav
2MM03352_20241213_141500,/Users/alastairpickering/Desktop/gibbon/present_1/present/2MM03352_20241213_141500.wav
2MM03352_20241213_155400,/Users/alastairpickering/Desktop/gibbon/present_1/present/2MM03352_20241213_155400.wav
2MM03358_20241028_023302,/Users/alastairpickering/Desktop/gibbon/present_1/present/2MM03358_20241028_023302.wav
2MM03358_20241028_040302,/Users/alastairpickering/Desktop/gibbon/present_1/present/2MM03358_20241028_040302.wav
CCMNP-S-R8_20250426_092902,/Users/alastairpickering/Desktop/gibbon/present_1/present/CCMNP-S-R8_20250426_092902.wav
CCMNP-S-R8_20250426_093202,/Users/alastairpickering/Desktop/gibbon/present_1/present/CCMNP-S-R8_20250426_093202.wav
CCMNP-S-R8_20250426_095302,/Users/alastairpickering/Desktop/gibbon/present_1/present/CCMNP-S-R8_20250426_095302.wav
CCMNP-S-R8_20250426_100702,/Users/alastairpickering/Desktop/gibbon/present_1/present/CCMNP-S-R8_20250426_100702.wav
CCMNP-S-R8_20250426_100802,/Users/alastairpickering/Desktop/gibbon/present_1/present/CCMNP-S-R8_20250426_100802.wav
CCMNP-S-R8_20250426_101002,/Users/alastairpickering/Desktop/gibbon/present_1/present/CCMNP-S-R8_20250426_101002.wav
CCMNP-S-R8_20250426_101402,/Users/alastairpickering/Desktop/gibbon/present_1/present/CCMNP-S-R8_20250426_101402.wav
CCMNP-S-R8_20250426_101702,/Users/alastairpickering/Desktop/gibbon/present_1/present/CCMNP-S-R8_20250426_101702.wav
CCMNP-S-R8_20250426_101802,/Users/alastairpickering/Desktop/gibbon/present_1/present/CCMNP-S-R8_20250426_101802.wav
CCMNP-S-R8_20250426_101902,/Users/alastairpickering/Desktop/gibbon/present_1/present/CCMNP-S-R8_20250426_101902.wav
CCMNP-S-R8_20250426_102002,/Users/alastairpickering/Desktop/gibbon/present_1/present/CCMNP-S-R8_20250426_102002.wav
CCMNP-S-R8_20250426_102102,/Users/alastairpickering/Desktop/gibbon/present_1/present/CCMNP-S-R8_20250426_102102.wav
CCMNP-S-R8_20250426_102202,/Users/alastairpickering/Desktop/gibbon/present_1/present/CCMNP-S-R8_20250426_102202.wav
CCMNP-S-R8_20250426_102302,/Users/alastairpickering/Desktop/gibbon/present_1/present/CCMNP-S-R8_20250426_102302.wav
CCMNP-S-R8_20250426_102402,/Users/alastairpickering/Desktop/gibbon/present_1/present/CCMNP-S-R8_20250426_102402.wav
CCMNP-S-R8_20250426_102502,/Users/alastairpickering/Desktop/gibbon/present_1/present/CCMNP-S-R8_20250426_102502.wav
CCMNP-S-R8_20250426_102602,/Users/alastairpickering/Desktop/gibbon/present_1/present/CCMNP-S-R8_20250426_102602.wav
CCMNP-S-R8_20250426_102702,/Users/alastairpickering/Desktop/gibbon/present_1/present/CCMNP-S-R8_20250426_102702.wav
CCMNP-S-R8_20250426_102802,/Users/alastairpickering/Desktop/gibbon/present_1/present/CCMNP-S-R8_20250426_102802.wav
CCMNP-S-R8_20250426_102902,/Users/alastairpickering/Desktop/gibbon/present_1/present/CCMNP-S-R8_20250426_102902.wav
CCMNP-S-R8_20250426_103002,/Users/alastairpickering/Desktop/gibbon/present_1/present/CCMNP-S-R8_20250426_103002.wav
CCMNP-S-R8_20250426_105702,/Users/alastairpickering/Desktop/gibbon/present_1/present/CCMNP-S-R8_20250426_105702.wav
CCMNP-S-R8_20250426_110002,/Users/alastairpickering/Desktop/gibbon/present_1/present/CCMNP-S-R8_20250426_110002.wav
CCMNP-S-R8_20250426_111002,/Users/alastairpickering/Desktop/gibbon/present_1/present/CCMNP-S-R8_20250426_111002.wav
CCMNP-S-R8_20250426_134702,/Users/alastairpickering/Desktop/gibbon/present_1/present/CCMNP-S-R8_20250426_134702.wav
CCMNP-S-R8_20250426_181702,/Users/alastairpickering/Desktop/gibbon/present_1/present/CCMNP-S-R8_20250426_181702.wav
CCMNP-S-R8_20250427_071902,/Users/alastairpickering/Desktop/gibbon/present_1/present/CCMNP-S-R8_20250427_071902.wav
CCMNP-S-R8_20250427_075602,/Users/alastairpickering/Desktop/gibbon/present_1/present/CCMNP-S-R8_20250427_075602.wav
CCMNP-S-R8_20250427_082002,/Users/alastairpickering/Desktop/gibbon/present_1/present/CCMNP-S-R8_20250427_082002.wav
CCMNP-S-R8_20250427_082402,/Users/alastairpickering/Desktop/gibbon/present_1/present/CCMNP-S-R8_20250427_082402.wav
CCMNP-S-R8_20250427_084002,/Users/alastairpickering/Desktop/gibbon/present_1/present/CCMNP-S-R8_20250427_084002.wav
CCMNP-S-R8_20250427_084102,/Users/alastairpickering/Desktop/gibbon/present_1/present/CCMNP-S-R8_20250427_084102.wav
CCMNP-S-R8_20250427_084202,/Users/alastairpickering/Desktop/gibbon/present_1/present/CCMNP-S-R8_20250427_084202.wav
CCMNP-S-R8_20250427_084302,/Users/alastairpickering/Desktop/gibbon/present_1/present/CCMNP-S-R8_20250427_084302.wav
CCMNP-S-R8_20250427_084602,/Users/alastairpickering/Desktop/gibbon/present_1/present/CCMNP-S-R8_20250427_084602.wav
CCMNP-S-R8_20250427_084702,/Users/alastairpickering/Desktop/gibbon/present_1/present/CCMNP-S-R8_20250427_084702.wav
CCMNP-S-R8_20250427_084802,/Users/alastairpickering/Desktop/gibbon/present_1/present/CCMNP-S-R8_20250427_084802.wav
CCMNP-S-R8_20250427_084902,/Users/alastairpickering/Desktop/gibbon/present_1/present/CCMNP-S-R8_20250427_084902.wav
CCMNP-S-R8_20250427_085002,/Users/alastairpickering/Desktop/gibbon/present_1/present/CCMNP-S-R8_20250427_085002.wav
CCMNP-S-R8_20250427_085102,/Users/alastairpickering/Desktop/gibbon/present_1/present/CCMNP-S-R8_20250427_085102.wav
CCMNP-S-R8_20250427_085202,/Users/alastairpickering/Desktop/gibbon/present_1/present/CCMNP-S-R8_20250427_085202.wav
CCMNP-S-R8_20250427_085302,/Users/alastairpickering/Desktop/gibbon/present_1/present/CCMNP-S-R8_20250427_085302.wav
CCMNP-S-R8_20250427_085402,/Users/alastairpickering/Desktop/gibbon/present_1/present/CCMNP-S-R8_20250427_085402.wav
CCMNP-S-R8_20250427_085502,/Users/alastairpickering/Desktop/gibbon/present_1/present/CCMNP-S-R8_20250427_085502.wav
CCMNP-S-R8_20250427_085702,/Users/alastairpickering/Desktop/gibbon/present_1/present/CCMNP-S-R8_20250427_085702.wav
CCMNP-S-R8_20250427_085802,/Users/alastairpickering/Desktop/gibbon/present_1/present/CCMNP-S-R8_20250427_085802.wav
CCMNP-S-R8_20250427_085902,/Users/alastairpickering/Desktop/gibbon/present_1/present/CCMNP-S-R8_20250427_085902.wav
CCMNP-S-R8_20250427_090002,/Users/alastairpickering/Desktop/gibbon/present_1/present/CCMNP-S-R8_20250427_090002.wav
CCMNP-S-R8_20250427_090102,/Users/alastairpickering/Desktop/gibbon/present_1/present/CCMNP-S-R8_20250427_090102.wav
CCMNP-S-R8_20250427_090202,/Users/alastairpickering/Desktop/gibbon/present_1/present/CCMNP-S-R8_20250427_090202.wav
CCMNP-S-R8_20250427_090302,/Users/alastairpickering/Desktop/gibbon/present_1/present/CCMNP-S-R8_20250427_090302.wav
CCMNP-S-R8_20250427_090402,/Users/alastairpickering/Desktop/gibbon/present_1/present/CCMNP-S-R8_20250427_090402.wav
CCMNP-S-R8_20250427_090502,/Users/alastairpickering/Desktop/gibbon/present_1/present/CCMNP-S-R8_20250427_090502.wav
CCMNP-S-R8_20250427_090602,/Users/alastairpickering/Desktop/gibbon/present_1/present/CCMNP-S-R8_20250427_090602.wav
CCMNP-S-R8_20250427_090702,/Users/alastairpickering/Desktop/gibbon/present_1/present/CCMNP-S-R8_20250427_090702.wav
CCMNP-S-R8_20250427_090802,/Users/alastairpickering/Desktop/gibbon/present_1/present/CCMNP-S-R8_20250427_090802.wav
CCMNP-S-R8_20250427_094302,/Users/alastairpickering/Desktop/gibbon/present_1/present/CCMNP-S-R8_20250427_094302.wav
